전국	O	O
경찰	O	O
병력	O	O
이	O	O
다	O	O
온	O	O
듯	O	O
시청	O	A
에서	O	O
광화문	A	A
으로	O	O
가	O	O
는	O	O
모든	O	O
길	O	O
을	O	O
철저히	O	O
차단	O	O
하	O	O
았	O	O
어요	O	O
.	O	O
차	O	O
사이사이	O	O
빈	O	O
공간	O	O
까지	O	O
도	O	O
경찰	O	O
로	O	O
막	O	O
았	O	O
지요	O	O
.	O	O
사진	O	O
기자	O	O
많이	O	O
오	O	O
았	O	O
다	O	O
하	O	O
았	O	O
더니	O	O
경찰	O	O
채	O	O
증	O	O
플래쉬	O	O
터지	O	O
는	O	O
거	O	O
이	O	O
었	O	O
더군요	O	O
.	O	O
레일바이크	O	O
타	O	O
러	O	O
(	O	O
@	O	O
김유정역	A	A
레일	A	A
파크	A	A
)	O	O
Breakfast	O	O
with	O	O
bae	O	O
?	O	O
?	O	O
?	O	O
?	O	O
@	O	O
대학	A	A
로	A	O
아우	O	O
청소	O	O
힘들	O	O
다	O	O
...	O	O
(	O	O
@	O	O
테크노	A	A
게임	A	A
랜드	A	A
in	O	O
Daejeon	O	O
)	O	O
?	O	O
?	O	O
?	O	O
?	O	O
?	O	O
?	O	O
?	O	O
?	O	O
?	O	O
?	O	O
?	O	O
?	O	O
?	O	O
?	O	O
?	O	O
?	O	O
#	O	O
MorragetSeoul	O	O
#	O	O
Seoul	O	O
#	O	O
Korea	O	O
@	O	O
Incheon	O	A
International	O	A
Airport	O	A
,	O	A
대한항공	A	A
라운지	A	A
?	O	O
?	O	O
@	O	O
Incheon	O	A
International	O	A
Airport	O	A
,	O	A
대한항공	A	A
라운지	A	A
정말	O	O
오랜만	O	O
에	O	O
클럽	O	O
잡	O	O
아	O	O
보	O	O
는데	O	O
...	O	O
너무	O	O
재밌	O	O
다고	O	O
항	O	O
ㅋㅋㅋ	O	O
날씨	O	O
도	O	O
환상	O	O
적	O	O
이	O	O
야	O	O
.	O	O
@	O	O
제이드	A	A
팰리스	A	A
GC	A	A
I	O	O
'	O	O
m	O	O
at	O	O
에버랜드	A	A
(	O	O
EVERLAND	O	O
)	O	O
-	O	O
@	O	O
witheverland	O	O
in	O	O
용인시	O	O
,	O	O
경기도	O	O
See	O	O
you	O	O
Manila	O	O
!	O	O
!	O	O
?	O	O
?	O	O
(	O	O
@	O	O
인천국제공항	A	A
(	O	O
Incheon	O	O
International	O	O
Airport	O	O
-	O	O
ICN	O	O
)	O	O
in	O	O
인천광역시	O	O
)	O	O
오랜만	O	O
이야	O	O
,	O	O
잘	O	O
지내	O	O
었	O	O
지	O	O
?	O	O
그동안	O	O
좀	O	O
정신	O	O
이	O	O
없	O	O
었	O	O
네	O	O
.	O	O
#	O	O
관악산	A	O
#	O	O
등산	O	O
#	O	O
봄철	O	O
산행	O	O
@	O	O
관악	A	A
산자락	O	A
?	O	O
?	O	O
?	O	O
?	O	O
?	O	O
?	O	O
?	O	O
?	O	O
?	O	O
?	O	O
?	O	O
?	O	O
?	O	O
?	O	O
?	O	O
?	O	O
?	O	O
?	O	O
?	O	O
?	O	O
?	O	O
?	O	O
?	O	O
?	O	O
?	O	O
?	O	O
?	O	O
?	O	O
?	O	O
?	O	O
>	O	O
3	O	O
<	O	O
#	O	O
CLC	O	O
#	O	O
krkatanhantrip	O	O
#	O	O
?	O	O
?	O	O
?	O	O
?	O	O
?	O	O
?	O	O
?	O	O
?	O	O
?	O	O
?	O	O
?	O	O
?	O	O
@	O	O
Kbs	A	A
신관	A	A
공개	A	A
홀	A	A
경기도	O	O
이	O	O
ㄴ데	O	O
경기도민	O	O
이	O	O
게	O	O
경기도	O	O
같	O	O
지	O	O
않	O	O
은	O	O
그곳	O	O
!	O	O
(	O	O
@	O	O
경기도청	A	A
북부	A	A
청사	A	A
경전철	A	A
)	O	O
I	O	O
'	O	O
m	O	O
at	O	O
인천국제공항	A	A
(	O	O
Incheon	O	O
International	O	O
Airport	O	O
-	O	O
ICN	O	O
)	O	O
in	O	O
인천광역시	O	O
I	O	O
'	O	O
m	O	O
at	O	O
도로시	A	A
살롱	A	O
dorossy	O	O
salon	O	O
in	O	O
종로구	O	O
,	O	O
서울특별시	O	O
,	O	O
서울특별시	O	O
,	O	O
서울시	O	O
본부	O	O
체육대회	O	O
...	O	O
과천	O	O
멀	O	O
다	O	O
!	O	O
!	O	O
(	O	O
@	O	O
관문	A	A
체육공원	A	A
in	O	O
과천시	O	O
,	O	O
경기도	O	O
)	O	O
I	O	O
'	O	O
m	O	O
at	O	O
노작	A	A
공원	A	A
사거리	A	O
in	O	O
화성시	O	O
,	O	O
경기도	O	O
I	O	O
'	O	O
m	O	O
at	O	O
광화문광장	A	A
(	O	O
Gwanghwamun	O	O
Square	O	O
)	O	O
in	O	O
서울특별시	O	O
FLATOUT	O	O
(	O	O
@	O	O
TB휘트니스)	O	O
#	O	O
세월호	O	O
유족	O	O
들	O	O
이	O	O
있	O	O
는	O	O
광화문	A	A
앞	O	O
현장	O	O
에	O	O
경찰	O	O
병력	O	O
이	O	O
점점	O	O
늘어나	O	O
고	O	O
있	O	O
습니다	O	O
.	O	O
경찰	O	O
은	O	O
계속	O	O
해산	O	O
명령	O	O
을	O	O
내리	O	O
며	O	O
"	O	O
채	O	O
증	O	O
철저히	O	O
"	O	O
를	O	O
외치	O	O
고	O	O
있	O	O
습니다	O	O
.	O	O
유족	O	O
들	O	O
과	O	O
대책위	O	O
는	O	O
오후	O	O
12	O	O
시	O	O
기자회견	O	O
을	O	O
열	O	O
계획	O	O
이	O	O
ㅂ니다	O	O
.	O	O
I	O	O
'	O	O
m	O	O
at	O	O
TB휘트니스	A	O
벚꽃	O	O
축제	O	O
다음	O	O
주	O	O
중간고사	O	O
...	O	O
아	O	O
공부	O	O
귀찮	O	O
아	O	O
ㅡㅡ	O	O
(	O	O
@	O	O
미아역	A	A
(	O	O
Mia	O	O
Stn	O	O
.	O	O
)	O	O
in	O	O
서울특별시	O	O
)	O	O
담당	O	O
회계사	O	O
이상	O	O
하	O	O
아	O	O
......	O	O
.	O	O
(	O	O
@	O	O
대주	A	A
회계	A	A
법인	A	A
in	O	O
Seoul	O	O
)	O	O
#	O	O
InstaSize	O	O
#	O	O
관악산	A	O
@	O	O
관악산	A	A
정상	O	A
Seascape	O	O
.	O	O
#	O	O
nx	O	O
1	O	O
#	O	O
NXTravellerKorea	O	O
#	O	O
SamsungNX	O	O
#	O	O
korea	O	O
#	O	O
VisitKorea	O	O
@	O	O
여수	A	A
레일바이크	A	A
?	O	O
?	O	O
?	O	O
?	O	O
?	O	O
?	O	O
?	O	O
?	O	O
?	O	O
?	O	O
1	O	O
?	O	O
?	O	O
?	O	O
?	O	O
?	O	O
#	O	O
MorragetSeoul	O	O
#	O	O
Seoul	O	O
#	O	O
Korea	O	O
#	O	O
incheon	O	O
@	O	O
Incheon	O	A
International	O	A
Airport	O	A
,	O	A
대한항공	A	A
라운지	A	A
I	O	O
'	O	O
m	O	O
at	O	O
코스트코	A	A
(	O	O
COSTCO	O	O
WHOLESALE	O	O
)	O	O
-	O	O
@	O	O
costco	O	O
in	O	O
서울특별시	O	O
I	O	O
'	O	O
m	O	O
at	O	O
광화문	A	A
지하도	A	O
Sunshine	O	O
Day	O	O
?	O	O
?	O	O
?	O	O
?	O	O
?	O	O
?	O	O
@	O	O
길상사	A	A
@	O	O
yunsupower	O	O
11	O	O
마음	O	O
에	O	O
어	O	O
들	O	O
시	O	O
었	O	O
나요	O	O
?	O	O
!	O	O
앞	O	O
으로	O	O
도	O	O
국립중앙박물관	A	A
에	O	O
많	O	O
은	O	O
관심	O	O
주	O	O
시	O	O
어요	O	O
.	O	O
감사합니다	O	O
^	O	O
^	O	O
I	O	O
'	O	O
m	O	O
at	O	O
창덕궁	A	A
(	O	O
昌德宮	O	O
,	O	O
Changdeokgung	O	O
)	O	O
-	O	O
@	O	O
chlove	O	O
_	O	O
u	O	O
in	O	O
서울특별시	O	O
I	O	O
'	O	O
m	O	O
at	O	O
갤러리아	A	A
명	A	A
품관	A	A
(	O	O
The	O	O
@	O	O
Galleria	O	O
_	O	O
luxury	O	O
in	O	O
서울특별시	O	O
,	O	O
South	O	O
Korea	O	O
I	O	O
'	O	O
m	O	O
at	O	O
부산	A	A
상공	A	A
회의소	A	A
in	O	O
부산광역시	O	O
I	O	O
'	O	O
m	O	O
at	O	O
남이섬	A	A
(	O	O
Nami	O	O
Island	O	O
)	O	O
in	O	O
춘천시	O	O
,	O	O
강원도	O	O
I	O	O
'	O	O
m	O	O
at	O	O
경복궁	A	A
(	O	O
Gyeongbokgung	O	O
)	O	O
in	O	O
서울특별시	O	O
,	O	O
한국	O	O
I	O	O
'	O	O
m	O	O
at	O	O
국립민속박물관	A	A
(	O	O
The	O	O
National	O	O
Folk	O	O
Museum	O	O
of	O	O
Korea	O	O
)	O	O
in	O	O
서울특별시	O	O
@	O	O
extmcommunity	O	O
지금	O	O
이	O	O
시각	O	O
"	O	O
여의도	A	O
콘래드호텔	A	O
"	O	O
어벤져스2	O	O
기자	O	O
회견장	O	O
...	O	O
I	O	O
'	O	O
m	O	O
at	O	O
롯데면세점	A	A
(	O	O
Lotte	O	O
Duty	O	O
Free	O	O
Shop	O	O
)	O	O
in	O	O
인천광역시	O	O
I	O	O
'	O	O
m	O	O
at	O	O
하나로	A	A
TNS	A	A
in	O	O
화성시	O	O
,	O	O
경기도	O	O
why	O	O
so	O	O
serious	O	O
?	O	O
@	O	O
art	O	O
toy	O	O
culture	O	O
@	O	O
동대문디자인플라자	A	A
(	O	O
Dongdaemun	O	O
Design	O	O
Plaza	O	O
,	O	O
DDP	O	O
)	O	O
?	O	O
?	O	O
?	O	O
?	O	O
?	O	O
?	O	O
?	O	O
?	O	O
?	O	O
?	O	O
?	O	O
?	O	O
?	O	O
?	O	O
?	O	O
?	O	O
?	O	O
?	O	O
?	O	O
?	O	O
@	O	O
Javacity	A	O
강남구청역	A	A
점	A	A
광화문	A	A
현장	O	O
에서	O	O
는	O	O
경찰	O	O
이	O	O
집시법	O	O
,	O	O
도로교통법	O	O
에	O	O
의하	O	O
아	O	O
체포	O	O
대상	O	O
이	O	O
ㅁ	O	O
을	O	O
알리	O	O
면서	O	O
미란다원칙	O	O
을	O	O
고지	O	O
하	O	O
았	O	O
습니다	O	O
.	O	O
#	O	O
세월호	O	O
유가족	O	O
들	O	O
을	O	O
'	O	O
가두	O	O
면서	O	O
'	O	O
연행	O	O
할	O	O
기세	O	O
이	O	O
ㅂ니다	O	O
.	O	O
앰네스티	O	O
활동가	O	O
가	O	O
연행	O	O
시	O	O
대처	O	O
법	O	O
을	O	O
유가족	O	O
에게	O	O
설명	O	O
하	O	O
고	O	O
있	O	O
습니다	O	O
다	O	O
이나	O	O
믹	O	O
부산	O	O
@	O	O
부산국제금융센터	A	A
Busan	O	O
International	O	O
Finance	O	O
Center	O	O
아침	O	O
햇살	O	O
,	O	O
아메리카노	O	O
,	O	O
8	O	O
시간	O	O
녹화	O	O
?	O	O
?	O	O
#	O	O
지식	O	O
english	O	O
#	O	O
ebs	O	O
2	O	O
tv	O	O
#	O	O
ebse	O	O
@	O	O
EBS	A	A
방송	A	A
센터	A	A
엔진오일	O	A
교환	O	O
(	O	O
@	O	O
르노삼성자동차	A	A
서비스	A	A
센터	A	A
(	O	O
경화	O	O
점	O	O
)	O	O
)	O	O
또	O	O
행사	O	O
(	O	O
@	O	O
경기도	A	A
제	A	A
2	A	A
청사	A	A
in	O	O
의정부시	O	O
,	O	O
경기도	O	O
)	O	O
I	O	O
'	O	O
m	O	O
at	O	O
LG트윈타워	A	A
(	O	O
LG	O	O
Twin	O	O
Tower	O	O
)	O	O
in	O	O
서울특별시	O	O
,	O	O
서울시	O	O
홍대	O	O
에서	O	O
점심	O	O
먹	O	O
고	O	O
슬슬	O	O
가	O	O
아	O	O
보	O	O
ㄹ까	O	O
...	O	O
(	O	O
@	O	O
서울고속버스터미널	A	A
(	O	O
Seoul	O	O
Express	O	O
Bus	O	O
Terminal	O	O
)	O	O
in	O	O
서울특별시	O	O
)	O	O
12	O	O
시	O	O
에	O	O
경복궁	A	A
광화문	A	A
현판	O	O
앞	O	O
현장	O	O
에서	O	O
#	O	O
세월호	O	O
유가족	O	O
들	O	O
의	O	O
기자회견	O	O
이	O	O
진행	O	O
되	O	O
ㅂ니다	O	O
.	O	O
안국역	A	O
및	O	O
경복궁역	A	O
,	O	O
광화문광장	A	A
에서	O	O
현장	O	O
으로	O	O
가	O	O
는	O	O
시민	O	O
의	O	O
진입	O	O
을	O	O
모두	O	O
막	O	O
은	O	O
경찰	O	O
은	O	O
"	O	O
검거	O	O
작전	O	O
중	O	O
"	O	O
이라고	O	O
말	O	O
하	O	O
았	O	O
습니다	O	O
.	O	O
연행	O	O
을	O	O
준비	O	O
중	O	O
이	O	O
ㅂ니다	O	O
I	O	O
'	O	O
m	O	O
at	O	O
을	A	A
지면	A	A
옥	A	A
in	O	O
서울특별시	O	O
아버님	O	O
생신	O	O
~	O	O
?	O	O
?	O	O
?	O	O
(	O	O
@	O	O
사와	A	A
in	O	O
강남구	O	O
,	O	O
서울시	O	O
)	O	O
오늘	O	O
은	O	O
#	O	O
짬뽕	O	O
.	O	O
#	O	O
중식	O	O
#	O	O
먹	O	O
스타	O	O
그램	O	O
#	O	O
foodstagram	O	O
@	O	O
교동	A	A
짬뽕	A	A
I	O	O
'	O	O
m	O	O
at	O	O
또	A	A
보	A	A
겠	A	A
지	A	A
떡볶이	A	A
집	A	A
in	O	O
서울특별시	O	O
w	O	O
/	O	O
@	O	O
tw	O	O
789520	O	O
I	O	O
'	O	O
m	O	O
at	O	O
또	A	A
보	A	A
겠	A	A
지	A	A
떡볶이	A	A
집	A	A
in	O	O
서울특별시	O	O
w	O	O
/	O	O
@	O	O
5738913	O	O
떡갈비	O	O
(	O	O
@	O	O
락원	A	A
)	O	O
날씨	O	O
가	O	O
좋	O	O
아서	O	O
무	O	O
작정	O	O
올라온	O	O
금정산	O	O
...	O	O
금정산성	A	O
동문	A	O
도착	O	O
이	O	O
ㅂ니다	O	O
.	O	O
^	O	O
^	O	O
@	O	O
금정산성	A	A
동문	A	O
?	O	O
?	O	O
?	O	O
?	O	O
?	O	O
?	O	O
?	O	O
?	O	O
?	O	O
?	O	O
(	O	O
@	O	O
열	A	A
봉	A	A
찜닭	A	A
in	O	O
서울특별시	O	O
)	O	O
低能仔連	O	O
#	O	O
tmoneyCard	O	O
都	O	O
?	O	O
記得帶	O	O
，	O	O
局住買張新的	O	O
#	O	O
好彩龍	O	O
?	O	O
TmoneyCard	O	O
幾得意	O	O
@	O	O
The	O	O
Ritz	O	O
-	O	O
Carlton	O	O
,	O	O
Seoul	O	O
/	O	O
리츠칼튼	A	O
서울	O	O
モウリ	O	O
?	O	O
ニョカッコイイ	O	O
(	O	O
@	O	O
Gimpo	O	O
International	O	O
Airport	O	O
(	O	O
김포공항역	A	A
)	O	O
)	O	O
I	O	O
'	O	O
m	O	O
at	O	O
에버랜드	A	A
(	O	O
EVERLAND	O	O
)	O	O
-	O	O
@	O	O
witheverland	O	O
in	O	O
용인시	O	O
,	O	O
경기도	O	O
국군체육부대	O	O
?	O	O
(	O	O
@	O	O
상무야구장	A	A
w	O	O
/	O	O
@	O	O
i	O	O
_	O	O
_	O	O
_	O	O
key	O	O
)	O	O
?	O	O
@	O	O
열	A	A
봉	A	A
찜닭	A	A
#	O	O
영빈관	A	O
#	O	O
청	O	O
라	O	O
점	O	O
인	O	O
당	O	O
7000	O	O
원	O	O
중국요리	O	O
뷔페	O	O
#	O	O
점심	O	O
특선	O	O
정말	O	O
중국요리	O	O
#짜짬볶탕	O	O
이	O	O
많이	O	O
먹	O	O
고	O	O
싶	O	O
을	O	O
때	O	O
강	O	O
추	O	O
!	O	O
!	O	O
!	O	O
맛	O	O
도	O	O
좋	O	O
구	O	O
가격	O	O
도	O	O
좋	O	O
구	O	O
헤헤	O	O
#	O	O
구모	O	O
군	O	O
이야기	O	O
#	O	O
오늘	O	O
뭐	O	O
먹	O	O
지	O	O
…	O	O
I	O	O
'	O	O
m	O	O
at	O	O
무명	A	A
식당	A	A
in	O	O
Seoul	O	O
#	O	O
잘	O	O
부탁	O	O
하	O	O
아	O	O
#	O	O
콤팩트	O	O
#	O	O
한	O	O
달	O	O
에	O	O
#	O	O
한번	O	O
#	O	O
이쁘	O	O
게	O	O
#	O	O
살	O	O
아	O	O
보	O	O
자	O	O
@	O	O
이진	A	A
캐스	A	A
빌	A	A
LA	O	O
에서	O	O
지금	O	O
진행	O	O
되	O	O
는	O	O
버버리	O	O
행사	O	O
에	O	O
참석	O	O
하	O	O
기	O	O
위하	O	O
아	O	O
그리피스천문대	A	O
에	O	O
도착	O	O
한	O	O
밀	O	O
라	O	O
쿠	O	O
니스	O	O
Lunch	O	O
:	O	O
)	O	O
(	O	O
@	O	O
예	A	A
닮	A	A
골	A	A
)	O	O
I	O	O
'	O	O
m	O	O
here	O	O
!	O	O
!	O	O
!	O	O
!	O	O
!	O	O
!	O	O
!	O	O
#	O	O
KRUNK	O	O
@	O	O
동대문디자인플라자	A	A
(	O	O
Dongdaemun	O	O
Design	O	O
Plaza	O	O
,	O	O
DDP	O	O
)	O	O
가격	O	O
대비	O	O
성능	O	O
떨어지	O	O
ㅁ	O	O
.	O	O
차돌	O	O
순두부	O	O
16000	O	O
원	O	O
.	O	O
양	O	O
만	O	O
많	O	O
고	O	O
맛	O	O
은	O	O
그냥	O	O
평범	O	O
하	O	O
ㅁ	O	O
.	O	O
다시	O	O
올	O	O
집	O	O
은	O	O
아니	O	O
ㅁ	O	O
.	O	O
비	O	O
추	O	O
!	O	O
!	O	O
(	O	O
@	O	O
감	A	A
촌	A	A
순두부	A	A
in	O	O
서울특별시	O	O
)	O	O
I	O	O
'	O	O
m	O	O
at	O	O
한양대학교	A	A
제	A	O
2	A	O
생활관	A	O
식당	A	O
-	O	O
@	O	O
i	O	O
_	O	O
hanyang	O	O
in	O	O
Seoul	O	O
,	O	O
South	O	O
Korea	O	O
센터	O	O
spring	O	O
picnic	O	O
(	O	O
@	O	O
낙산공원	A	A
(	O	O
Naksan	O	O
Park	O	O
)	O	O
in	O	O
서울특별시	O	O
)	O	O
오랜만	O	O
에	O	O
평일	O	O
오전	O	O
나들이	O	O
.	O	O
평일	O	O
이	O	O
시간	O	O
에	O	O
밖	O	O
에	O	O
나오	O	O
아	O	O
본	O	O
적	O	O
이	O	O
너무	O	O
오랜만	O	O
이	O	O
라	O	O
시내	O	O
구경	O	O
하	O	O
느라	O	O
정신없닼ㅋ	O	O
(	O	O
@	O	O
스타벅스커피	A	A
-	O	O
@	O	O
starbuckskorea	O	O
in	O	O
서울특별시	O	O
)	O	O
I	O	O
'	O	O
m	O	O
at	O	O
마포	A	A
만두	A	A
in	O	O
Seoul	O	O
[	O	O
서대문형무소역사관	O	A
]	O	O
역사	O	O
문화	O	O
체험	O	O
'	O	O
뚝딱	O	O
뚝딱	O	O
토요	O	O
행복	O	O
놀이터	O	O
'	O	O
4	O	O
월	O	O
프로그램	O	O
운영	O	O
안내	O	O
~	O	O
'	O	O
한	O	O
눈	O	O
에	O	O
보	O	O
는	O	O
서대문형무소	A	O
책	O	O
만들	O	O
기	O	O
'	O	O
일시	O	O
:	O	O
2015	O	O
.	O	O
4	O	O
.	O	O
25	O	O
(	O	O
토	O	O
)	O	O
10	O	O
:	O	O
30	O	O
~	O	O
12	O	O
:	O	O
00	O	O
,	O	O
장소	O	O
:	O	O
형무소	O	O
역사관	O	O
강의실	O	O
참가비	O	O
:	O	O
5	O	O
,	O	O
000	O	O
원	O	O
(	O	O
재료비	O	O
:	O	O
8	O	O
,	O	O
000	O	O
원	O	O
)	O	O
Bom	O	O
sarang	O	O
beojkkot	O	O
malgo	O	O
?	O	O
#	O	O
seoulsudseoulsay	O	O
@	O	O
창덕궁	A	A
昌德宮	O	O
Changdeokgung	O	O
Palace	O	O
I	O	O
'	O	O
m	O	O
at	O	O
혜화역	A	A
(	O	O
Hyehwa	O	O
Stn	O	O
.	O	O
)	O	O
-	O	O
@	O	O
seoul	O	O
_	O	O
metro	O	O
in	O	O
서울특별시	O	O
I	O	O
'	O	O
m	O	O
at	O	O
봉은사역	A	A
(	O	O
Bongeunsa	O	O
Stn	O	O
.	O	O
)	O	O
-	O	O
@	O	O
seoul	O	O
_	O	O
metro	O	O
in	O	O
서울특별시	O	O
Cheese	O	O
?	O	O
?	O	O
7777777	O	O
@	O	O
Yeolbong	O	O
Chicken	O	O
열봉씸닭	A	O
(	O	O
Hongdae	O	O
)	O	O
1955	O	O
세트	O	O
(	O	O
@	O	O
맥도날드	A	A
(	O	O
McDonald	O	O
'	O	O
s	O	O
)	O	O
in	O	O
화성시	O	O
,	O	O
경기도	O	O
)	O	O
맛	O	O
점	O	O
(	O	O
@	O	O
망향	A	A
비빔국수	A	A
in	O	O
하남시	O	O
,	O	O
경기도	O	O
)	O	O
LIVE	O	O
on	O	O
#	O	O
Periscope	O	O
:	O	O
그리피스천문대	A	O
에서	O	O
진행	O	O
되	O	O
는	O	O
버버리	O	O
‘	O	O
런던	O	O
투	O	O
로스앤젤레스	O	O
’	O	O
쇼	O	O
를	O	O
생	O	O
중계	O	O
로	O	O
감상	O	O
하	O	O
시	O	O
어요	O	O
.	O	O
I	O	O
'	O	O
m	O	O
at	O	O
경복궁	A	A
(	O	O
景福宮	O	O
,	O	O
Gyeongbokgung	O	O
)	O	O
-	O	O
@	O	O
chlove	O	O
_	O	O
u	O	O
in	O	O
서울특별시	O	O
I	O	O
'	O	O
m	O	O
at	O	O
이	A	A
화	A	A
벽화	A	A
마을	A	A
(	O	O
Ihwa	O	O
Mural	O	O
Village	O	O
)	O	O
in	O	O
Seoul	O	O
5	O	O
년	O	O
전	O	O
에	O	O
한국	O	O
에	O	O
오	O	O
았	O	O
어	O	O
@	O	O
나미	A	A
섬	A	A
(	O	O
nami	O	O
island	O	O
)	O	O
seoul	O	O
,	O	O
KOREA	O	O
베리	O	O
베리	O	O
요거트	O	O
블렌디드	O	O
#	O	O
veryberryyogurtblended	O	O
@	O	O
스타벅스	A	A
인동	A	A
점	A	A
At	O	A
북촌	A	A
문화	A	A
센터	A	A
(	O	O
Bukchon	O	O
Traditional	O	O
Culture	O	O
Center	O	O
)	O	O
[	O	O
pic	O	O
]	O	O
?	O	O
Lunch	O	O
w	O	O
/	O	O
Scott	O	O
(	O	O
@	O	O
하동	A	A
관	A	A
in	O	O
서울특별시	O	O
)	O	O
막국수	O	O
!	O	O
(	O	O
@	O	O
샘	A	A
밭	A	A
막국수	A	A
in	O	O
춘천시	O	O
,	O	O
강원도	O	O
)	O	O
I	O	O
'	O	O
m	O	O
at	O	O
광장시장	A	A
(	O	O
Gwangjang	O	O
Market	O	O
)	O	O
in	O	O
서울특별시	O	O
봄	O	O
#	O	O
spring	O	O
@	O	O
묵	A	A
정	A	A
공원	A	A
영업정지	O	O
(	O	O
파산	O	O
신청	O	O
)	O	O
처분	O	O
된	O	O
상호저축은행	A	A
에	O	O
5	O	O
천	O	O
만원	O	O
이상	O	O
예금	O	O
하	O	O
신	O	O
예금주	O	O
중	O	O
"	O	O
계약	O	O
이전	O	O
"	O	O
에서	O	O
제외	O	O
된	O	O
분	O	O
들	O	O
께서	O	O
는	O	O
"	O	O
예금자	O	O
보호	O	O
법	O	O
"	O	O
을	O	O
검색	O	O
하	O	O
아	O	O
내용	O	O
을	O	O
확인	O	O
하	O	O
길	O	O
권하	O	O
아	O	O
드리	O	O
ㅂ니다	O	O
"	O	O
용인	A	A
천주교	A	A
공원묘지	A	A
"	O	O
를	O	O
비롯	O	O
한	O	O
국내	O	O
모든	O	O
천주교	O	O
묘지	O	O
에	O	O
1986	O	O
년	O	O
부터	O	O
"	O	O
사용료	O	O
및	O	O
관리비	O	O
"	O	O
를	O	O
납부	O	O
하	O	O
신	O	O
분	O	O
들	O	O
과	O	O
"	O	O
영구	O	O
관리	O	O
예치금	O	O
"	O	O
을	O	O
납부	O	O
하	O	O
신	O	O
분	O	O
들	O	O
을	O	O
찾	O	O
습니다	O	O
.	O	O
RT	O	O
해	O	O
주	O	O
시	O	O
어요	O	O
^	O	O
^	O	O
Strawberry	O	O
farm	O	O
in	O	O
South	O	O
Korea	O	O
?	O	O
?	O	O
?	O	O
?	O	O
@	O	O
용인	A	A
자연휴양림	A	A
I	O	O
'	O	O
m	O	O
at	O	O
인천국제공항	A	A
(	O	O
Incheon	O	O
International	O	O
Airport	O	O
-	O	O
ICN	O	O
)	O	O
in	O	O
인천광역시	O	O
Setelah	O	O
di	O	O
tarik	O	O
tarik	O	O
sama	O	O
ibu	O	O
…	O	O
(	O	O
w	O	O
/	O	O
DonnaAgnesia	O	O
,	O	O
Dina	O	O
,	O	O
&	O	O
2	O	O
others	O	O
at	O	O
설악산국립공원	A	A
(	O	O
Seoraksan	O	O
National	O	O
Park	O	O
)	O	O
)	O	O
[	O	O
pic	O	O
]	O	O
?	O	O
허니	O	O
고르곤졸라	O	O
그릴	O	O
드	O	O
치즈	O	O
샌드위치	O	O
&	O	O
지중해	O	O
물빛	O	O
처럼	O	O
새파랛	O	O
레몬에이드	O	O
>	O	O
_	O	O
<	O	O
#	O	O
먹	O	O
스타	O	O
그램	O	O
#	O	O
리얼	O	O
먹	O	O
스타	O	O
그램	O	O
@	O	O
모노	A	A
치즈	A	A
I	O	O
'	O	O
m	O	O
at	O	O
왕십리역	A	A
(	O	O
Wangsimni	O	O
Stn	O	O
.	O	O
)	O	O
-	O	O
@	O	O
korail	O	O
1899	O	O
in	O	O
서울특별시	O	O
내일	O	O
상쾌	O	O
하	O	O
게	O	O
아침	O	O
북한산	O	O
등산	O	O
하	O	O
실	O	O
분	O	O
들	O	O
오전	O	O
6	O	O
시	O	O
30	O	O
분	O	O
'	O	O
정릉	A	A
탐방	A	A
지원	A	A
센터	A	A
'	O	O
welcome	O	O
yo	O	O
!	O	O
!	O	O
!	O	O
새정치민주연합	O	O
서대문	A	O
문석진	O	O
구청장	O	O
현장	O	O
중심	O	O
,	O	O
사람	O	O
중심	O	O
행정	O	O
을	O	O
하	O	O
ㄴ다면	O	O
서대문구	O	O
홍제동	O	O
불편	O	O
교통	O	O
U턴	O	O
언제	O	O
주민	O	O
불편	O	O
교통	O	O
해소	O	O
와	O	O
신촌	O	O
연대	O	O
앞	O	O
차	O	O
없	O	O
는	O	O
거리	O	O
이	O	O
고	O	O
불편	O	O
교통	O	O
이	O	O
많	O	O
게	O	O
만들	O	O
는	O	O
것	O	O
이	O	O
사람	O	O
중심	O	O
,	O	O
현장	O	O
중심	O	O
정치	O	O
행정	O	O
이	O	O
ㄴ가	O	O
?	O	O
서대문	A	O
주민	O	O
못살	O	O
겠	O	O
다	O	O
문석진	O	O
구청장	O	O
사퇴	O	O
하	O	O
라	O	O
I	O	O
'	O	O
m	O	O
at	O	O
진천	A	A
농	A	A
교	A	A
(	O	O
鎭川籠橋	O	O
)	O	O
in	O	O
진천군	O	O
,	O	O
충청북도	O	O

