"	SS	X	X	O
용인	NNP	X	X	A
천주교	NNG	X	X	A
공원묘지	NNG	X	X	A
"	SS	X	X	O
를	JKO	X	X	O
비롯	XR	X	X	O
한	XSA	X	X	O
국내	NNG	X	X	O
모든	MM	X	X	O
천주교	NNG	X	X	O
묘지	NNG	X	X	O
에	JKB	X	X	O
"	SS	X	X	O
계약서	NNG	X	X	O
"	SS	X	X	O
를	JKO	X	X	O
받	VV	X	X	O
지	EC	X	X	O
못하	VX	X	X	O
고	EC	X	X	O
"	SS	X	X	O
사용	NNG	X	X	O
허가	NNG	X	X	O
서	JKB	X	X	O
"	SS	X	X	O
만	NR	X	X	O
으로	JKB	X	X	O
계약	NNG	X	X	O
하	VV	X	X	O
시	EP	X	X	O
었	EP	X	X	O
거나	EC	X	X	O
"	SS	X	X	O
관리비	NNG	X	X	O
청구서	NNG	X	X	O
"	SS	X	X	O
를	JKO	X	X	O
받	VV	X	X	O
지	EC	X	X	O
못하	VX	X	X	O
신	EP	X	X	O
분	NNB	X	X	O
들	XSN	X	X	O
을	JKO	X	X	O
찾	VV	X	X	O
습니다	EF	X	X	O
.	SF	X	X	O
RT	SL	X	X	O
해	NNG	X	X	O
주	VX	X	X	O
시	EP	X	X	O
어요	EC	X	X	O
^	SW	X	X	O
^	SW	X	X	O
,	SP	X	X	O
.	SF	X	X	O
/	SP	X	X	O
,	SP	X	X	O
.	SF	X	X	O
Study	SL	X	X	O
Hard	SL	X	X	O
(	SS	X	X	O
at	SL	X	X	O
한국외국어대학교	NNP	X	X	A
(	SS	X	X	O
Hankuk	SL	X	X	O
University	SL	X	X	O
of	SL	X	X	O
Foreign	SL	X	X	O
Studies	SL	X	X	O
)	SS	X	X	O
)	SS	X	X	O
[	SS	X	X	O
pic	SL	X	X	O
]	SS	X	X	O
?	SF	X	X	O
I	SL	X	X	O
'	SS	X	X	O
m	SL	X	X	O
at	SL	X	X	O
모꼬지	NNP	P	P	A
에	JKB	P	P	A
in	SL	X	X	O
서울특별시	NNP	X	X	O
Day	SL	X	X	O
3	SN	X	X	O
?	SF	X	X	O
#	SW	X	X	O
adviantures	SL	X	X	O
@	SW	X	X	O
남대문시장	NNP	P	P	A
(	SS	X	X	O
Namdaemun	SL	X	X	O
Market	SL	X	X	O
)	SS	X	X	O
#	SW	X	X	O
lunch	SL	X	X	O
#	SW	X	X	O
#	SW	X	X	O
pizzahut	SL	X	X	O
#	SW	X	X	O
wowbox	SL	X	X	O
#	SW	X	X	O
회식	NNG	X	X	O
#	SW	X	X	O
동기	NNG	X	X	O
#	SW	X	X	O
점심	NNG	X	X	O
#	SW	X	X	O
피자헛	NNP	X	P	A
#	SW	X	X	O
와우	NNP	X	X	O
박스	NNG	X	X	O
#	SW	X	X	O
2	SN	X	X	O
차	NNB	X	X	O
#	SW	X	X	O
떡볶이	NNG	X	X	O
#	SW	X	X	O
배	NNG	X	X	O
부르	VV	X	X	O
어	EC	X	X	O
#	SW	X	X	O
오후	NNG	X	X	O
#	SW	X	X	O
낮잠	NNG	X	X	O
#	SW	X	X	O
먹	NNG	X	X	O
스타	NNG	X	X	O
그램	NNB	X	X	O
#	SW	X	X	O
맛스타	NNP	X	X	O
그램	NNB	X	X	O
…	SE	X	X	O
#	SW	X	X	O
119	SN	X	X	O
x	SL	X	X	O
13	SN	X	X	O
-	SS	X	X	O
0	SN	X	X	O
.	SF	X	X	O
8	SN	X	X	O
(	SS	X	X	O
@	SW	X	X	O
중구	NNP	X	P	A
국민	NNG	X	P	A
체육	NNG	X	P	A
센터	NNG	X	P	A
수영장	NNG	X	P	A
)	SS	X	X	O
#	SW	X	X	O
공원	NNG	X	X	O
#	SW	X	X	O
nature	SL	X	X	O
@	SW	X	X	O
서울숲	NNP	X	P	A
공원	NNG	X	X	A
I	SL	X	X	O
'	SS	X	X	O
m	SL	X	X	O
at	SL	X	X	O
Sheraton	SL	X	X	A
Incheon	SL	X	X	A
Hotel	SL	X	X	A
in	SL	X	X	O
인천광역시	NNP	X	X	O
I	SL	X	X	O
'	SS	X	X	O
m	SL	X	X	O
at	SL	X	X	O
전주한옥마을	NNP	P	X	A
(	SS	X	X	O
Jeonju	SL	X	X	O
Hanok	SL	X	X	O
Village	SL	X	X	O
)	SS	X	X	O
in	SL	X	X	O
전주시	NNP	X	X	O
,	SP	X	X	O
전라북도	NNP	X	P	O
Pergi	SL	X	X	O
bank	SL	X	X	O
nk	SL	X	X	O
kua	SL	X	X	O
duit	SL	X	X	O
.	SF	X	X	O
.	SF	X	X	O
Duit	SL	X	X	O
malaysia	SL	X	X	O
takdeee	SL	X	X	O
.	SF	X	X	O
.	SF	X	X	O
Hahahahahhaha	SL	X	X	O
(	SS	X	X	O
@	SW	X	X	O
은행회관	NNP	P	X	A
The	SL	P	X	O
Korea	SL	P	X	O
Federation	SL	P	X	O
of	SL	P	X	O
BANK	SL	P	X	O
in	SL	X	X	O
서울특별시	NNP	X	X	O
)	SS	X	X	O
드디어	MAG	X	X	O
주말	NNG	X	X	O
이	VCP	X	X	O
다	EF	X	X	O
!	SF	X	X	O
Finally	SL	X	X	O
it	SL	X	X	O
'	SS	X	X	O
s	SL	X	X	O
the	SL	X	X	O
weekend	SL	X	X	O
!	SF	X	X	O
|	SW	X	X	O
#	SW	X	X	O
nofilter	SL	X	X	O
#	SW	X	X	O
sheryllifeinseoul	SL	X	X	O
@	SW	X	X	O
Kyung	SL	X	X	A
Hee	SL	X	X	A
University	SL	X	X	A
-	SS	X	X	A
慶熙大學	SH	X	X	A
Mamak	SL	X	X	O
jgk	SL	X	X	O
dihati	SL	X	X	O
.	SF	X	X	O
.	SF	X	X	O
Luls	SL	X	X	O
.	SF	X	X	O
.	SF	X	X	O
(	SS	X	X	O
@	SW	X	X	O
타	VV	P	X	A
지	EC	P	X	A
(	SS	X	X	O
Taj	SL	X	X	O
)	SS	X	X	O
in	SL	X	X	O
서울특별시	NNP	X	X	O
)	SS	X	X	O
I	SL	X	X	O
'	SS	X	X	O
m	SL	X	X	O
at	SL	X	X	O
카페	NNG	X	X	A
엘	JKB	X	X	A
Lovely	SL	X	X	O
river	SL	X	X	O
restoration	SL	X	X	O
(	SS	X	X	O
@	SW	X	X	O
청계천	NNP	P	P	A
(	SS	X	X	O
Cheonggyecheon	SL	X	X	O
)	SS	X	X	O
in	SL	X	X	O
서울특별시	NNP	X	X	O
)	SS	X	X	O
마소	NNG	X	X	O
바	NNB	X	X	O
(	SS	X	X	O
@	SW	X	X	O
호	NNG	P	P	A
무	NNG	P	P	A
랑	JKB	P	P	A
(	SS	X	X	O
Homuran	SL	X	X	O
)	SS	X	X	O
in	SL	X	X	O
서울특별시	NNP	X	X	O
)	SS	X	X	O
지난주	NNG	X	X	O
늦	VA	X	X	O
게	EC	X	X	O
나마	JX	X	X	O
벚꽃	NNG	X	X	O
구경	NNG	X	X	O
하	XSV	X	X	O
았	EP	X	X	O
네	EC	X	X	O
ㅋㅋㅌ	NA	X	X	O
석촌호수	NNP	X	X	A
I	SL	X	X	O
'	SS	X	X	O
m	SL	X	X	O
at	SL	X	X	O
청구역	NNP	P	P	A
(	SS	X	X	O
Cheonggu	SL	X	X	O
Stn	SL	X	X	O
.	SF	X	X	O
)	SS	X	X	O
-	SS	X	X	O
@	SW	X	X	O
5678	SN	X	X	O
smrt	SL	X	X	O
_	SW	X	X	O
seoul	SL	X	X	O
in	SL	X	X	O
서울특별시	NNP	X	X	O
도착	NNG	X	X	O
!	SF	X	X	O
!	SF	X	X	O
!	SF	X	X	O
(	SS	X	X	O
@	SW	X	X	O
서울	NNP	X	X	A
북	NNP	X	X	A
인스티튜트	NNP	X	X	A
)	SS	X	X	O
Just	SL	X	X	O
posted	SL	X	X	O
a	SL	X	X	O
photo	SL	X	X	O
@	SW	X	X	O
남대문시장	NNP	P	P	A
(	SS	X	X	O
Namdaemun	SL	X	X	O
Market	SL	X	X	O
)	SS	X	X	O
?	SF	X	X	O
?	SF	X	X	O
?	SF	X	X	O
@	SW	X	X	O
남산	NNP	X	X	A
Namsan	SL	X	X	O
Mountain	SL	X	X	O
우수	NNG	X	X	O
경관	NNG	X	X	O
건물	NNG	X	X	O
?	SF	X	X	O
(	SS	X	X	O
@	SW	X	X	O
A	SL	X	X	A
TWOSOME	SL	X	X	A
PLACE	SL	X	X	A
Dessert	SL	X	X	A
Cafe	SL	X	X	A
in	SL	X	X	O
춘천시	NNP	X	X	O
)	SS	X	X	O
I	SL	X	X	O
'	SS	X	X	O
m	SL	X	X	O
at	SL	X	X	O
올림픽공원	NNP	P	P	A
(	SS	X	X	O
Olympic	SL	X	X	O
Park	SL	X	X	O
)	SS	X	X	O
in	SL	X	X	O
서울특별시	NNP	X	X	O
,	SP	X	X	O
대한민국	NNP	X	X	O
Siap	SL	X	X	O
kerja	SL	X	X	O
lagi	SL	X	X	O
setelah	SL	X	X	O
di	SL	X	X	O
-	SS	X	X	O
recharge	SL	X	X	O
dengan	SL	X	X	O
makan	SL	X	X	O
siang	SL	X	X	O
dan	SL	X	X	O
capuccino	SL	X	X	O
#	SW	X	X	O
조교	NNG	X	X	O
#	SW	X	X	O
Kyunghee	SL	X	X	O
@	SW	X	X	O
경희대학교	NNP	X	X	A
본관	NNG	X	X	O
서울	NNP	X	X	A
국제	NNG	X	X	A
사진	NNG	X	X	A
영상	NNG	X	X	A
기자재	NNG	X	X	A
전	NNG	X	X	A
(	SS	X	X	O
P	SL	X	X	O
&	SW	X	X	O
I	SL	X	X	O
2015	SN	X	X	O
)	SS	X	X	O
현장	NNG	X	X	O
!	SF	X	X	O
Adobe	SL	X	X	O
&	SW	X	X	O
Fotolia	SL	X	X	O
부스	NNG	X	X	O
구경	NNG	X	X	O
하	XSV	X	X	O
고	EC	X	X	O
이벤트	NNG	X	X	O
에	JKB	X	X	O
도	JX	X	X	O
참여	NNG	X	X	O
하	XSV	X	X	O
시	EP	X	X	O
어요	EF	X	X	O
!	SF	X	X	O
PC	SL	X	X	O
-	SS	X	X	O
모바일	NNP	X	X	O
-	SS	X	X	O
?	SF	X	X	O
?	SF	X	X	O
@	SW	X	X	O
동아대학교	NNP	X	X	A
인문대	NNG	X	X	O
오	VX	X	X	O
았	EP	X	X	O
어	EC	X	X	O
!	SF	X	X	O
@	SW	X	X	O
가로수길	NNP	X	X	A
I	SL	X	X	O
'	SS	X	X	O
m	SL	X	X	O
at	SL	X	X	O
롯데마트	NNP	P	P	A
(	SS	X	X	O
40407	SN	X	X	O
)	SS	X	X	O
in	SL	X	X	O
남구	NNP	X	X	O
,	SP	X	X	O
울산광역시	NNP	X	X	O
오늘	NNG	X	X	O
부터	JX	X	X	O
여의도벚꽃축제	NNP	X	X	O
시작	NNG	X	X	O
!	SF	X	X	O
으흐흐	NA	X	X	O
기대	NNG	X	X	O
되	XSV	X	X	O
ㅂ니다	EF	X	X	O
.	SF	X	X	O
봄날	NNG	P	X	O
에	JKB	X	X	O
가족	NNG	X	X	O
및	MAJ	X	X	O
연인	NNG	X	X	O
과	JC	X	X	O
손잡	VV	X	X	O
고	EC	X	X	O
나	NP	X	X	O
들	XSN	X	X	O
이	JKS	X	X	O
어떻	VA	X	X	O
시	EP	X	X	O
어요	EF	X	X	O
?	SF	X	X	O
2015	SN	X	X	O
봄	NNG	X	X	O
에	JKB	X	X	O
내리	VV	X	X	O
는	ETM	X	X	O
젠	NNG	X	X	O
틀	NNG	X	X	O
레인	NNG	X	X	O
[	SS	X	X	O
4	SN	X	X	O
/	SP	X	X	O
19	SN	X	X	O
(	SS	X	X	O
일	NNG	X	X	O
)	SS	X	X	O
세종	NNP	X	X	A
문화	NNG	X	X	A
M	SL	X	X	A
씨어터	NNG	X	X	A
]	SS	X	X	O
예	NNG	X	X	O
매	NNG	X	X	O
처	NNG	X	X	O
☞	SW	X	X	O
?	SF	X	X	O
?	SF	X	X	O
?	SF	X	X	O
?	SF	X	X	O
?	SF	X	X	O
?	SF	X	X	O
?	SF	X	X	O
?	SF	X	X	O
?	SF	X	X	O
?	SF	X	X	O
?	SF	X	X	O
?	SF	X	X	O
?	SF	X	X	O
?	SF	X	X	O
5555	SN	X	X	O
(	SS	X	X	O
@	SW	X	X	O
롯데월드	NNP	P	P	A
(	SS	X	X	O
LOTTE	SL	X	X	O
WORLD	SL	X	X	O
)	SS	X	X	O
-	SS	X	X	O
@	SW	X	X	O
happylotteworld	SL	X	X	O
in	SL	X	X	O
서울특별시	NNP	X	X	O
,	SP	X	X	O
South	SL	X	X	O
Korea	SL	X	X	O
)	SS	X	X	O
석촌호수	NNP	X	X	A
벚꽃	NNG	X	X	O
축제	NNG	X	X	O
~	SO	X	X	O
~	SO	X	X	O
?	SF	X	X	O
?	SF	X	X	O
@	SW	X	X	O
Seokchon	SL	X	X	O
Lake	SL	X	X	O
석촌호수	NNP	X	X	A
I	SL	X	X	O
'	SS	X	X	O
m	SL	X	X	O
at	SL	X	X	O
이마트	NNP	P	P	A
(	SS	X	X	O
emart	SL	X	X	O
)	SS	X	X	O
-	SS	X	X	O
@	SW	X	X	O
e	SL	X	X	O
_	SW	X	X	O
mart	SL	X	X	O
_	SW	X	X	O
in	SL	X	X	O
서울특별시	NNP	X	X	O
단체	NNG	X	X	O
쓰	VV	X	X	O
담	EC	X	X	O
쓰	VV	X	X	O
담	EC	X	X	O
#	SW	X	X	O
cat	SL	X	X	O
#	SW	X	X	O
catstagram	SL	X	X	O
@	SW	X	X	O
희섬정	NA	X	X	A
I	SL	X	X	O
'	SS	X	X	O
m	SL	X	X	O
at	SL	X	X	O
동국대학교	NNP	P	X	A
일산	NNP	P	X	A
병원	NNG	P	X	A
in	SL	X	X	O
고양시	NNP	X	X	O
,	SP	X	X	O
경기도	NNP	X	X	O
중학교	NNG	X	X	O
까지	JX	X	X	O
가	VV	X	X	O
았	EP	X	X	O
다가	EC	X	X	O
지금	MAG	X	X	O
부대	NNG	X	X	A
에	JKB	X	X	O
문제집	NNG	X	X	O
살	VV	X	X	O
러	EC	X	X	O
~	SO	X	X	O
~	SO	X	X	O
~	SO	X	X	O
I	SL	X	X	O
'	SS	X	X	O
m	SL	X	X	O
at	SL	X	X	O
가로수길	NNP	P	X	A
(	SS	X	X	O
Garosu	SL	X	X	O
-	SS	X	X	O
gil	SL	X	X	O
)	SS	X	X	O
in	SL	X	X	O
서울특별시	NNP	X	X	O
이번	NNG	X	X	O
정류소	NNG	X	X	O
는	JX	X	X	O
덤보	NNP	X	X	A
숙	NNG	X	X	A
,	SP	X	X	A
난민	NNG	X	X	A
보호	NNG	X	X	A
센터	NNG	X	X	A
이	VV	X	X	O
ㅂ니다	EC	X	X	O
?	SF	X	X	O
?	SF	X	X	O
?	SF	X	X	O
?	SF	X	X	O
"	SS	X	X	O
@	SW	X	X	O
NoiizVip	SL	X	X	O
:	SP	X	X	O
150410	SN	X	X	O
인천공항	NNP	X	P	A
입국	NNG	X	X	O
#	SW	X	X	O
GD	SL	X	X	O
#	SW	X	X	O
BIGBANG	SL	X	X	O
#	SW	X	X	O
20150409	SN	X	X	O
#	SW	X	X	O
장수	NNG	X	X	O
상회	NNG	X	X	O
#	SW	X	X	O
박	NNP	X	X	O
배우	NNG	X	X	O
#	SW	X	X	O
박	NNP	X	X	O
찬열	NNP	X	X	O
#	SW	X	X	O
첫	MM	X	X	O
영화	NNG	X	X	O
#	SW	X	X	O
대	XPN	X	X	O
박	NNP	X	X	O
#	SW	X	X	O
salutedAmour	SL	X	X	O
#	SW	X	X	O
cgv	SL	X	X	O
#	SW	X	X	O
한국영화	NNP	X	X	O
@	SW	X	X	O
cgv	SL	X	X	A
명동역	NNP	X	X	A
장충동	NNP	X	P	A
평양	NNP	P	P	A
면	NNG	P	P	A
옥	NNG	P	P	A
에서	JKB	X	X	O
불고기	NNG	X	X	O
랑	JKB	X	X	O
물냉면	NNP	X	X	O
먹	VV	X	X	O
었	EP	X	X	O
는데	EC	X	X	O
평양냉면	NNP	X	P	O
맛	NNG	X	X	O
을	JKO	X	X	O
40	SN	X	X	O
대	NNB	X	X	O
가	JKS	X	X	O
되	VV	X	X	O
니	EC	X	X	O
알	VV	X	X	O
겠	EP	X	X	O
네	EF	X	X	O
.	SF	X	X	O
메밀	NNG	X	X	O
맛	NNG	X	X	O
이	JKS	X	X	O
끝	NNG	X	X	O
에	JKB	X	X	O
남	VV	X	X	O
으면서	EC	X	X	O
어찌나	MAG	X	X	O
풍미	NNG	X	X	O
가	JKS	X	X	O
있	VX	X	X	O
던지	EF	X	X	O
.	SF	X	X	O
존박	NNP	X	X	O
마음	NNG	X	X	O
을	JKO	X	X	O
알	VV	X	X	O
겠	EP	X	X	O
음	ETN	X	X	O
晩飯	SH	X	X	O
(	SS	X	X	O
@	SW	X	X	O
버거킹	NNP	P	P	A
(	SS	X	X	O
Burger	SL	X	X	O
King	SL	X	X	O
)	SS	X	X	O
-	SS	X	X	O
@	SW	X	X	O
burgerking	SL	X	X	O
_	SW	X	X	O
kor	SL	X	X	O
in	SL	X	X	O
성남시	NNP	X	X	O
,	SP	X	X	O
경기도	NNP	X	X	O
)	SS	X	X	O
Streetfood	SL	X	X	O
?	SF	X	X	O
?	SF	X	X	O
?	SF	X	X	O
?	SF	X	X	O
(	SS	X	X	O
with	SL	X	X	O
Adam	SL	X	X	O
at	SL	X	X	O
명동	NNP	P	X	A
길	NNG	P	X	A
(	SS	X	X	O
Myeongdong	SL	X	X	O
-	SS	X	X	O
gil	SL	X	X	O
)	SS	X	X	O
)	SS	X	X	O
[	SS	X	X	O
pic	SL	X	X	O
]	SS	X	X	O
?	SF	X	X	O
I	SL	X	X	O
'	SS	X	X	O
m	SL	X	X	O
at	SL	X	X	O
고속터미널역	NNP	P	X	A
(	SS	X	X	O
Express	SL	X	X	O
Bus	SL	X	X	O
Terminal	SL	X	X	O
Stn	SL	X	X	O
.	SF	X	X	O
)	SS	X	X	O
-	SS	X	X	O
@	SW	X	X	O
seoul	SL	X	X	O
_	SW	X	X	O
metro	SL	X	X	O
in	SL	X	X	O
서울특별시	NNP	X	X	O
#	SW	X	X	O
?	SF	X	X	O
?	SF	X	X	O
?	SF	X	X	O
?	SF	X	X	O
?	SF	X	X	O
?	SF	X	X	O
?	SF	X	X	O
?	SF	X	X	O
?	SF	X	X	O
?	SF	X	X	O
?	SF	X	X	O
?	SF	X	X	O
?	SF	X	X	O
?	SF	X	X	O
?	SF	X	X	O
?	SF	X	X	O
?	SF	X	X	O
?	SF	X	X	O
?	SF	X	X	O
?	SF	X	X	O
?	SF	X	X	O
?	SF	X	X	O
#	SW	X	X	O
덴마크	NNP	X	X	O
드	NNP	X	X	O
링	NNG	X	X	O
킹	NNG	X	X	O
요구르트	NNP	X	X	O
#	SW	X	X	O
사과	NNG	X	X	O
@	SW	X	X	O
용산	NNP	X	X	A
아이파크몰	NNP	X	P	A
I	SL	X	X	O
'	SS	X	X	O
m	SL	X	X	O
at	SL	X	X	O
신성	NNP	P	X	A
림	NNP	P	X	A
약국	NNG	P	X	A
in	SL	X	X	O
성동구	NNP	X	P	O
,	SP	X	X	O
서울특별시	NNP	X	X	O
I	SL	X	X	O
'	SS	X	X	O
m	SL	X	X	O
at	SL	X	X	O
교대역	NNP	P	X	A
(	SS	X	X	O
Seoul	SL	X	X	O
Nat	SL	X	X	O
'	SS	X	X	O
l	SL	X	X	O
Univ	SL	X	X	O
.	SF	X	X	O
of	SL	X	X	O
Education	SL	X	X	O
Stn	SL	X	X	O
.	SF	X	X	O
)	SS	X	X	O
-	SS	X	X	O
@	SW	X	X	O
seoul	SL	X	X	O
_	SW	X	X	O
metro	SL	X	X	O
in	SL	X	X	O
서울특별시	NNP	X	X	O
이제	MAG	X	X	O
다시	MAG	X	X	O
사라질	VV	X	X	O
시간	NNG	X	X	O
.	SF	X	X	O
.	SF	X	X	O
바이	NNG	X	X	O
한국	NNP	X	X	O
.	SF	X	X	O
.	SF	X	X	O
(	SS	X	X	O
@	SW	X	X	O
인천국제공항	NNP	P	P	A
(	SS	X	X	O
Incheon	SL	X	X	O
International	SL	X	X	O
Airport	SL	X	X	O
-	SS	X	X	O
ICN	SL	X	X	O
)	SS	X	X	O
in	SL	X	X	O
인천광역시	NNP	X	X	O
)	SS	X	X	O
I	SL	X	X	O
'	SS	X	X	O
m	SL	X	X	O
at	SL	X	X	O
N서울타워	NNP	P	P	A
(	SS	X	X	O
N	SL	X	X	O
Seoul	SL	X	X	O
Tower	SL	X	X	O
)	SS	X	X	O
in	SL	X	X	O
서울특별시	NNP	X	X	O
I	SL	X	X	O
'	SS	X	X	O
m	SL	X	X	O
at	SL	X	X	O
N서울타워	NNP	P	P	A
(	SS	X	X	O
N	SL	X	X	O
Seoul	SL	X	X	O
Tower	SL	X	X	O
)	SS	X	X	O
in	SL	X	X	O
서울특별시	NNP	X	X	O
?	SF	X	X	O
?	SF	X	X	O
?	SF	X	X	O
?	SF	X	X	O
?	SF	X	X	O
!	SF	X	X	O
!	SF	X	X	O
?	SF	X	X	O
?	SF	X	X	O
?	SF	X	X	O
?	SF	X	X	O
#	SW	X	X	O
74	SN	X	X	O
#	SW	X	X	O
cheevitdee	SL	X	X	O
#	SW	X	X	O
74	SN	X	X	O
trip	SL	X	X	O
#	SW	X	X	O
beliefcoffee	SL	X	X	O
#	SW	X	X	O
beliefcafe	SL	X	X	O
#	SW	X	X	O
gwiyeobda	SL	X	X	O
2015	SN	X	X	O
@	SW	X	X	O
홍대	NNP	X	X	A
Beliefcoffee	SL	X	X	A
?	SF	X	X	O
?	SF	X	X	O
?	SF	X	X	O
?	SF	X	X	O
?	SF	X	X	O
?	SF	X	X	O
?	SF	X	X	O
?	SF	X	X	O
?	SF	X	X	O
?	SF	X	X	O
?	SF	X	X	O
?	SF	X	X	O
?	SF	X	X	O
?	SF	X	X	O
?	SF	X	X	O
?	SF	X	X	O
...	SE	X	X	O
@	SW	X	X	O
여의도한강공원	NNP	X	P	A
물빛	NNG	X	P	A
광장	NNG	X	P	A
exactly	SL	X	X	O
a	SL	X	X	O
year	SL	X	X	O
after	SL	X	X	O
the	SL	X	X	O
sewol	SL	X	X	O
tragedy	SL	X	X	O
|	SW	X	X	O
우리	NP	X	P	O
들	XSN	X	P	O
잊	VV	X	X	O
지	EC	X	X	O
말	VX	X	X	O
자	EC	X	X	O
?	SF	X	X	O
|	SW	X	X	O
also	SL	X	X	O
#	SW	X	X	O
tbt	SL	X	X	O
to	SL	X	X	O
?	SF	X	X	O
?	SF	X	X	O
@	SW	X	X	O
Gwanghwamun	SL	X	X	O
Square	SL	X	X	O
-	SS	X	X	O
광화문광장	NNP	X	P	A
?	SF	X	X	O
?	SF	X	X	O
?	SF	X	X	O
?	SF	X	X	O
?	SF	X	X	O
?	SF	X	X	O
?	SF	X	X	O
?	SF	X	X	O
?	SF	X	X	O
?	SF	X	X	O
?	SF	X	X	O
?	SF	X	X	O
?	SF	X	X	O
?	SF	X	X	O
?	SF	X	X	O
?	SF	X	X	O
?	SF	X	X	O
?	SF	X	X	O
?	SF	X	X	O
?	SF	X	X	O
?	SF	X	X	O
?	SF	X	X	O
?	SF	X	X	O
(	SS	X	X	O
벚꽃	NNG	X	X	O
)	SS	X	X	O
#	SW	X	X	O
Poynoyliveinkorea	SL	X	X	O
@	SW	X	X	O
트	VV	X	P	A
라	EC	X	P	A
비	NNG	X	P	A
하우스	NNG	X	P	A
Trabeehouse	SL	X	X	O
Safely	SL	X	X	O
landed	SL	X	X	O
from	SL	X	X	O
Jeju	SL	X	X	O
Airport	SL	X	X	O
.	SF	X	X	O
(	SS	X	X	O
@	SW	X	X	O
김포국제공항	NNP	P	X	A
국내선	NNG	P	X	O
(	SS	X	X	O
GMP	SL	X	X	O
-	SS	X	X	O
Domestic	SL	X	X	O
Terminal	SL	X	X	O
)	SS	X	X	O
-	SS	X	X	O
@	SW	X	X	O
kacgimpo	SL	X	X	O
in	SL	X	X	O
서울특별시	NNP	X	X	O
)	SS	X	X	O
I	SL	X	X	O
'	SS	X	X	O
m	SL	X	X	O
at	SL	X	X	O
수원역	NNP	P	X	A
(	SS	X	X	O
Suwon	SL	X	X	O
Stn	SL	X	X	O
.	SF	X	X	O
)	SS	X	X	O
-	SS	X	X	O
@	SW	X	X	O
korail	SL	X	X	O
1899	SN	X	X	O
in	SL	X	X	O
Suwon	SL	X	X	O
,	SP	X	X	O
Gyeonggi	SL	X	X	O
Atlassian	SL	X	X	O
in	SL	X	X	O
Korea	SL	X	X	O
(	SS	X	X	O
@	SW	X	X	O
엘	NNP	P	X	A
타워	NNG	P	X	A
(	SS	X	X	O
EL	SL	X	X	O
Tower	SL	X	X	O
)	SS	X	X	O
in	SL	X	X	O
서울특별시	NNP	X	X	O
)	SS	X	X	O
I	SL	X	X	O
'	SS	X	X	O
m	SL	X	X	O
at	SL	X	X	O
영종대교	NNP	P	X	A
(	SS	X	X	O
Yeongjong	SL	X	X	O
Bridge	SL	X	X	O
/	SP	X	X	O
永宗大橋	SH	X	X	O
)	SS	X	X	O
in	SL	X	X	O
인천광역시	NNP	X	X	O
피뽑느거	NA	X	X	O
제일	NNG	X	X	O
싫	VA	X	X	O
어	EF	X	X	O
!	SF	X	X	O
(	SS	X	X	O
@	SW	X	X	O
지안	NNP	X	X	A
건강증진	NNP	X	X	A
센터	NNG	X	X	A
)	SS	X	X	O
회의	NNG	X	X	O
(	SS	X	X	O
@	SW	X	X	O
MARU	SL	P	X	O
180	SN	P	X	O
by	SL	P	X	O
아산나눔재단	NNP	P	X	A
in	SL	X	X	O
seoul	SL	X	X	O
)	SS	X	X	O
I	SL	X	X	O
'	SS	X	X	O
m	SL	X	X	O
at	SL	X	X	O
이인	NNP	P	X	A
휴게소	NNP	P	P	A
in	SL	X	X	O
공주시	NNP	X	X	O
,	SP	X	X	O
충청남도	NNP	X	X	O
?	SF	X	X	O
?	SF	X	X	O
?	SF	X	X	O
?	SF	X	X	O
?	SF	X	X	O
?	SF	X	X	O
?	SF	X	X	O
?	SF	X	X	O
?	SF	X	X	O
?	SF	X	X	O
?	SF	X	X	O
?	SF	X	X	O
?	SF	X	X	O
?	SF	X	X	O
?	SF	X	X	O
?	SF	X	X	O
?	SF	X	X	O
?	SF	X	X	O
?	SF	X	X	O
?	SF	X	X	O
?	SF	X	X	O
?	SF	X	X	O
?	SF	X	X	O
?	SF	X	X	O
?	SF	X	X	O
?	SF	X	X	O
?	SF	X	X	O
?	SF	X	X	O
?	SF	X	X	O
@	SW	X	X	O
홍대	NNP	X	X	A
Hongdae	SL	X	X	O
I	SL	X	X	O
'	SS	X	X	O
m	SL	X	X	O
at	SL	X	X	O
운서역	NNP	P	X	A
(	SS	X	X	O
Unseo	SL	X	X	O
Stn	SL	X	X	O
.	SF	X	X	O
)	SS	X	X	O
-	SS	X	X	O
@	SW	X	X	O
airportexpress	SL	X	X	O
_	SW	X	X	O
in	SL	X	X	O
인천광역시	NNP	X	X	O
흠	NNG	X	X	O
어떻	VA	X	X	O
ㄹ까	EF	X	X	O
?	SF	X	X	O
(	SS	X	X	O
@	SW	X	X	O
CGV	SL	P	P	A
신도림	NNP	P	P	A
-	SS	P	X	O
@	SW	P	X	O
cj	SL	P	X	O
_	SW	P	X	O
cgv	SL	P	X	O
in	SL	X	X	O
Seoul	SL	X	X	O
)	SS	X	X	O
I	SL	X	X	O
'	SS	X	X	O
m	SL	X	X	O
at	SL	X	X	O
다음	NNG	P	X	A
카카오	NNP	P	X	A
(	SS	X	X	O
daumkakao	SL	X	X	O
)	SS	X	X	O
in	SL	X	X	O
성남시	NNP	X	X	O
,	SP	X	X	O
경기도	NNP	X	X	O
One	SL	X	X	O
wish	SL	X	X	O
#	SW	X	X	O
tao	SL	X	X	O
#	SW	X	X	O
exo	SL	X	X	O
#	SW	X	X	O
exom	SL	X	X	O
#	SW	X	X	O
exodus	SL	X	X	O
#	SW	X	X	O
exois	SL	X	X	O
10	SN	X	X	O
#	SW	X	X	O
spao	SL	X	X	O
#	SW	X	X	O
love	SL	X	X	O
@	SW	X	X	O
SPAO	SL	X	X	A
신촌	NNP	X	X	A
오	VV	X	X	O
아	EC	X	X	O
디디	VV	X	X	O
알	EC	X	X	O
봉	NNG	X	X	O
잡	VV	X	X	O
고	EC	X	X	O
하	VV	X	X	O
면	EC	X	X	O
왼쪽	NNG	X	X	O
어깨	NNG	X	X	O
가	JKS	X	X	O
아프	VA	X	X	O
아	EC	X	X	O
뒤지	VV	X	X	O
지	EC	X	X	O
...	SE	X	X	O
천사	NNG	X	X	O
로	JKB	X	X	O
국민은행	NNP	P	P	A
에서	JKB	X	X	O
봉	NNG	X	X	O
학	NNG	X	X	O
4	SN	X	X	O
거리	NNB	X	X	O
소통	NNG	X	X	O
원활	NNG	X	X	O
.	SF	X	X	O
#	SW	X	X	O
poltra	SL	X	X	O
Brand	SL	X	X	O
new	SL	X	X	O
#	SW	X	X	O
Roof	SL	X	X	O
#	SW	X	X	O
Helmet	SL	X	X	O
for	SL	X	X	O
#	SW	X	X	O
Motorcycle	SL	X	X	O
!	SF	X	X	O
!	SF	X	X	O
!	SF	X	X	O
@	SW	X	X	O
카츠	NNP	X	P	A
로우	NNP	X	P	A
I	SL	X	X	O
'	SS	X	X	O
m	SL	X	X	O
at	SL	X	X	O
한림대학교	NNP	P	X	A
강동성심병원	NNP	P	X	A
in	SL	X	X	O
서울특별시	NNP	X	X	O
맥	NNG	X	X	O
모닝	NNG	X	X	O
.	SF	X	X	O
.	SF	X	X	O
회사	NNG	X	X	O
생각	NNG	X	X	O
하	VV	X	X	O
았	EP	X	X	O
더니	EC	X	X	O
먹	VV	X	X	O
다	EC	X	X	O
체	NNG	X	X	O
하	XSV	X	X	O
겠	EP	X	X	O
군	EC	X	X	O
;	SP	X	X	O
(	SS	X	X	O
@	SW	X	X	O
맥도날드	NNP	P	P	A
(	SS	X	X	O
McDonald	SL	X	X	O
'	SS	X	X	O
s	SL	X	X	O
)	SS	X	X	O
in	SL	X	X	O
서울	NNP	X	X	O
)	SS	X	X	O
치료	NNG	X	X	O
(	SS	X	X	O
@	SW	X	X	O
인천산재병원	NNP	X	X	A
)	SS	X	X	O
I	SL	X	X	O
'	SS	X	X	O
m	SL	X	X	O
at	SL	X	X	O
LH	SL	P	P	A
7	SN	P	P	A
단지	NNG	P	P	A
버스정류장	NNP	P	X	A
(	SS	X	X	O
35451	SN	X	X	O
,	SP	X	X	O
35452	SN	X	X	O
)	SS	X	X	O
Ahaha	SL	X	X	O
the	SL	X	X	O
bus	SL	X	X	O
im	SL	X	X	O
riding	SL	X	X	O
right	SL	X	X	O
now	SL	X	X	O
has	SL	X	X	O
a	SL	X	X	O
장수	NNG	X	X	A
상회	NNG	X	X	A
ad	SL	X	X	O
^	SW	X	X	O
^	SW	X	X	O
?	SF	X	X	O
?	SF	X	X	O
?	SF	X	X	O
?	SF	X	X	O
?	SF	X	X	O
?	SF	X	X	O
(	SS	X	X	O
@	SW	X	X	O
인천국제공항	NNP	P	P	A
(	SS	X	X	O
Incheon	SL	X	X	O
International	SL	X	X	O
Airport	SL	X	X	O
-	SS	X	X	O
ICN	SL	X	X	O
)	SS	X	X	O
in	SL	X	X	O
인천광역시	NNP	X	X	O
w	SL	X	X	O
/	SP	X	X	O
@	SW	X	X	O
kantima	SL	X	X	O
03	SN	X	X	O
)	SS	X	X	O
I	SL	X	X	O
'	SS	X	X	O
m	SL	X	X	O
at	SL	X	X	O
LH	SL	P	X	A
영종	NNP	P	X	A
7	SN	P	X	A
단지	NNG	P	X	A
아파트	NNG	P	X	A
(	SS	X	X	O
LH	SL	X	X	O
Yeongjong	SL	X	X	O
7	SN	X	X	O
Apt	SL	X	X	O
)	SS	X	X	O
in	SL	X	X	O
중구	NNP	X	X	O
,	SP	X	X	O
인천광역시	NNP	X	X	O
Pertama	SL	X	X	O
kali	SL	X	X	O
dgr	SL	X	X	O
Toto	SL	X	X	O
dan	SL	X	X	O
Queen	SL	X	X	O
dari	SL	X	X	O
…	SE	X	X	O
?	SF	X	X	O
Africa	SL	X	X	O
by	SL	X	X	O
Toto	SL	X	X	O
(	SS	X	X	O
at	SL	X	X	O
인도네시아	NNP	X	P	A
대사관	NNG	X	P	A
(	SS	X	X	O
Embassy	SL	X	X	O
of	SL	X	X	O
The	SL	X	X	O
Republic	SL	X	X	O
of	SL	X	X	O
Indonesia	SL	X	X	O
)	SS	X	X	O
)	SS	X	X	O
?	SF	X	X	O
Culture	SL	X	X	O
and	SL	X	X	O
History	SL	X	X	O
.	SF	X	X	O
#	SW	X	X	O
Day	SL	X	X	O
4	SN	X	X	O
of	SL	X	X	O
8	SN	X	X	O
#	SW	X	X	O
Seoul	SL	X	X	O
#	SW	X	X	O
Korea	SL	X	X	O
(	SS	X	X	O
@	SW	X	X	O
국립민속박물관	NNP	P	P	A
(	SS	X	X	O
The	SL	X	X	O
National	SL	X	X	O
Folk	SL	X	X	O
Museum	SL	X	X	O
of	SL	X	X	O
Korea	SL	X	X	O
)	SS	X	X	O
in	SL	X	X	O
서울특별시	NNP	X	X	O
)	SS	X	X	O
エ	SL	X	X	O
?	SF	X	X	O
レックス	SL	X	X	O
?	SF	X	X	O
ってま	SL	X	X	O
?	SF	X	X	O
す	SL	X	X	O
@	SW	X	X	O
Incheon	SL	X	X	A
International	SL	X	X	A
Airport	SL	X	X	A
,	SP	X	X	A
대한항공	NNP	X	P	A
라운지	NNG	X	X	A
I	SL	X	X	O
'	SS	X	X	O
m	SL	X	X	O
at	SL	X	X	O
인천국제공항	NNP	P	P	A
(	SS	X	X	O
Incheon	SL	X	X	O
International	SL	X	X	O
Airport	SL	X	X	O
-	SS	X	X	O
ICN	SL	X	X	O
)	SS	X	X	O
in	SL	X	X	O
인천광역시	NNP	X	X	O
I	SL	X	X	O
'	SS	X	X	O
m	SL	X	X	O
at	SL	X	X	O
남대문시장	NNP	P	P	A
(	SS	X	X	O
Namdaemun	SL	X	X	O
Market	SL	X	X	O
)	SS	X	X	O
in	SL	X	X	O
서울특별시	NNP	X	X	O
No	SL	X	X	O
class	SL	X	X	O
day	SL	X	X	O
.	SF	X	X	O
(	SS	X	X	O
@	SW	X	X	O
International	SL	X	X	O
Lounge	SL	X	X	O
한국해양대학교	NNP	X	X	A
)	SS	X	X	O
#	SW	X	X	O
Ducati	SL	X	X	O
#	SW	X	X	O
899	SN	X	X	O
#	SW	X	X	O
Panigale	SL	X	X	O
with	SL	X	X	O
@	SW	X	X	O
isdead	SL	X	X	O
#	SW	X	X	O
Motorcycle	SL	X	X	O
#	SW	X	X	O
Replica	SL	X	X	O
@	SW	X	X	O
카츠	NNP	X	P	A
로우	NNP	X	P	A
I	SL	X	X	O
'	SS	X	X	O
m	SL	X	X	O
at	SL	X	X	O
남대문시장	NNP	P	P	A
(	SS	X	X	O
Namdaemun	SL	X	X	O
Market	SL	X	X	O
)	SS	X	X	O
in	SL	X	X	O
서울특별시	NNP	X	X	O
목소리	NNG	X	X	O
가	JKS	X	X	O
안	MAG	X	X	O
나오	VV	X	X	O
ㅁ	ETN	X	X	O
;	SP	X	X	O
;	SP	X	X	O
(	SS	X	X	O
@	SW	X	X	O
플러스	NNG	P	X	A
이비인후과	NNG	P	X	A
in	SL	X	X	O
서울시	NNP	X	X	O
)	SS	X	X	O
I	SL	X	X	O
'	SS	X	X	O
m	SL	X	X	O
at	SL	X	X	O
플라자	NNG	P	P	A
CC	SL	P	P	A
용인	NNP	P	P	A
(	SS	X	X	O
PLAZA	SL	X	X	O
CC	SL	X	X	O
YONGIN	SL	X	X	O
)	SS	X	X	O
in	SL	X	X	O
용인시	NNP	X	P	O
,	SP	X	X	O
경기도	NNP	X	X	O
슬픈	VA	X	X	O
마음	NNG	X	X	O
에	JKB	X	X	O
목이	NNP	X	X	O
메	NNG	X	X	O
이	VCP	X	X	O
ㅂ니다	EC	X	X	O
...	SE	X	X	O
눈물	NNG	X	X	O
같	VA	X	X	O
은	ETM	X	X	O
비	NNG	X	X	O
가	JKS	X	X	O
주	NNG	X	X	O
룩	NNG	X	X	O
주	NNG	X	X	O
룩	NNG	X	X	O
하염없이	MAG	X	X	O
내리	VV	X	X	O
네요	EC	X	X	O
#	SW	X	X	O
세월호	NNP	X	X	O
1	SN	X	X	O
주년	NNB	X	X	O
#	SW	X	X	O
추모	NNG	X	X	O
하	XSV	X	X	O
ㅂ시다	EC	X	X	O
#	SW	X	X	O
정환	NNP	X	X	O
석	NNB	X	X	O
#	SW	X	X	O
성남	NNP	X	X	O
#	SW	X	X	O
야탑	NNP	X	X	O
분향소	NNG	X	X	O
@	SW	X	X	O
야탑	NNP	X	X	A
광장	NNG	X	X	A
I	SL	X	X	O
'	SS	X	X	O
m	SL	X	X	O
at	SL	X	X	O
금촌역	NNP	P	X	A
버스정류장	NNP	P	X	O
in	SL	X	X	O
파주시	NNP	X	X	O
,	SP	X	X	O
경기도	NNP	X	X	O
비	XPN	X	X	O
가오	NNG	X	X	O
이	VCP	X	X	O
니	EC	X	X	O
~	SO	X	X	O
화곡동	NNP	X	P	O
으로	JKB	X	X	O
가로지르	VV	X	X	O
어	EC	X	X	O
가	VV	X	X	O
고	EC	X	X	O
싶	VX	X	X	O
네	EC	X	X	O
...	SE	X	X	O
ㅎ	NA	X	X	O
(	SS	X	X	O
@	SW	X	X	O
화곡역	NNP	P	X	A
사거리	NNG	P	X	O
in	SL	X	X	O
서울특별시	NNP	X	X	O
)	SS	X	X	O
Sokcho	SL	X	X	O
Annyeong	SL	X	X	O
.	SF	X	X	O
.	SF	X	X	O
(	SS	X	X	O
with	SL	X	X	O
Natalia	SL	X	X	O
at	SL	X	X	O
속초시외버스터미널	NNP	P	P	A
(	SS	X	X	O
Sokcho	SL	X	X	O
Bus	SL	X	X	O
Station	SL	X	X	O
)	SS	X	X	O
)	SS	X	X	O
?	SF	X	X	O
I	SL	X	X	O
'	SS	X	X	O
m	SL	X	X	O
at	SL	X	X	O
금촌역	NNP	P	X	A
(	SS	X	X	O
Geumchon	SL	X	X	O
Stn	SL	X	X	O
.	SF	X	X	O
)	SS	X	X	O
-	SS	X	X	O
@	SW	X	X	O
korail	SL	X	X	O
1899	SN	X	X	O
in	SL	X	X	O
파주시	NNP	X	X	O
,	SP	X	X	O
Gyeonggi	SL	X	X	O
Sejuk	SL	X	X	O
.	SF	X	X	O
(	SS	X	X	O
@	SW	X	X	O
N서울타워	NNP	P	P	A
(	SS	X	X	O
N	SL	X	X	O
Seoul	SL	X	X	O
Tower	SL	X	X	O
)	SS	X	X	O
in	SL	X	X	O
서울특별시	NNP	X	X	O
)	SS	X	X	O
비	NNG	X	X	O
가	JKS	X	X	O
오	VV	X	X	O
는	ETM	X	X	O
날	NNG	X	X	O
에	JKB	X	X	O
#	SW	X	X	O
여의도	NNP	X	P	O
#	SW	X	X	O
ifc	SL	X	X	O
몸	VV	X	X	O
쇼핑	NNG	X	X	O
하	VV	X	X	O
러	EC	X	X	O
온	IC	X	X	O
~	SO	X	X	O
#	SW	X	X	O
홀리스	NNP	X	P	O
터	NNB	X	P	O
#	SW	X	X	O
hollister	SL	X	X	O
구입	NNG	X	X	O
완료	NNG	X	X	O
!	SF	X	X	O
!	SF	X	X	O
@	SW	X	X	O
여의도	NNP	X	P	A
IFC	SL	X	P	A
몰	NNG	X	P	A
국도	NNG	X	X	O
5호선	NNP	X	X	O
금	NNG	X	X	O
대리	NNG	X	X	O
-	SS	X	X	O
>	SS	X	X	O
영서고등학교	NNP	X	X	A
구간	NNG	X	X	O
소통	NNG	X	X	O
원활	NNG	X	X	O
#	SW	X	X	O
poltra	SL	X	X	O
Learning	SL	X	X	O
hangul	SL	X	X	O
(	SS	X	X	O
at	SL	X	X	O
한국외국어대학교	NNP	X	X	A
(	SS	X	X	O
Hankuk	SL	X	X	O
University	SL	X	X	O
of	SL	X	X	O
Foreign	SL	X	X	O
Studies	SL	X	X	O
)	SS	X	X	O
)	SS	X	X	O
[	SS	X	X	O
pic	SL	X	X	O
]	SS	X	X	O
?	SF	X	X	O
?	SF	X	X	O
?	SF	X	X	O
?	SF	X	X	O
?	SF	X	X	O
?	SF	X	X	O
?	SF	X	X	O
?	SF	X	X	O
?	SF	X	X	O
?	SF	X	X	O
?	SF	X	X	O
?	SF	X	X	O
?	SF	X	X	O
#	SW	X	X	O
korea	SL	X	X	O
@	SW	X	X	O
티	NNG	X	X	A
라이트	NNG	X	X	A
휴게소	NNP	X	P	A
시화	NNG	X	X	A
조력	NNG	X	X	A
문화관	NNG	X	X	A
달	NNG	X	P	A
전망대	NNG	X	P	A
?	SF	X	X	O
?	SF	X	X	O
?	SF	X	X	O
?	SF	X	X	O
?	SF	X	X	O
?	SF	X	X	O
?	SF	X	X	O
?	SF	X	X	O
?	SF	X	X	O
?	SF	X	X	O
?	SF	X	X	O
?	SF	X	X	O
?	SF	X	X	O
?	SF	X	X	O
?	SF	X	X	O
?	SF	X	X	O
?	SF	X	X	O
?	SF	X	X	O
?	SF	X	X	O
?	SF	X	X	O
?	SF	X	X	O
?	SF	X	X	O
?	SF	X	X	O
?	SF	X	X	O
?	SF	X	X	O
!	SF	X	X	O
!	SF	X	X	O
!	SF	X	X	O
@	SW	X	X	O
유가	NNG	X	P	A
네	XSN	X	P	A
홍대	NNP	X	X	A
점	NNB	X	X	A
I	SL	X	X	O
'	SS	X	X	O
m	SL	X	X	O
at	SL	X	X	O
연세	NNP	X	P	A
이비인후과	NNG	X	P	A
벌써	MAG	X	X	O
일	NNB	X	X	O
년	NNB	X	X	O
...	SE	X	X	O
Hope	SL	X	X	O
...	SE	X	X	O
@	SW	X	X	O
롯데월드몰	NNP	X	P	A
@	SW	X	X	O
newsvop	SL	X	X	O
@	SW	X	X	O
Bleach	SL	X	X	O
0719	SN	X	X	O
오	VV	X	X	O
아	EC	X	X	O
진짜	MAG	X	X	O
저런	MM	X	X	O
것	NNB	X	X	O
이	JKS	X	X	O
대통령	NNG	X	X	O
?	SF	X	X	O
뭐	NP	X	X	O
가	JKS	X	X	O
무섭	VA	X	X	O
니	EF	X	X	O
?	SF	X	X	O
안산	NNP	X	X	O
에	JKB	X	X	O
안	MAG	X	X	O
가	VV	X	X	O
고	EC	X	X	O
팽목항	NNP	X	X	A
가게	NNG	X	X	O
?	SF	X	X	O
?	SF	X	X	O
?	SF	X	X	O
I	SL	X	X	O
'	SS	X	X	O
m	SL	X	X	O
at	SL	X	X	O
홍대입구역	NNP	P	X	A
(	SS	X	X	O
Hongik	SL	X	X	O
Univ	SL	X	X	O
.	SF	X	X	O
Stn	SL	X	X	O
.	SF	X	X	O
)	SS	X	X	O
-	SS	X	X	O
@	SW	X	X	O
seoul	SL	X	X	O
_	SW	X	X	O
metro	SL	X	X	O
in	SL	X	X	O
서울특별시	NNP	X	X	O
I	SL	X	X	O
'	SS	X	X	O
m	SL	X	X	O
at	SL	X	X	O
대림	NNP	P	P	A
미술관	NNG	P	P	A
(	SS	X	X	O
Daelim	SL	X	X	O
Contemporary	SL	X	X	O
Art	SL	X	X	O
Museum	SL	X	X	O
)	SS	X	X	O
-	SS	X	X	O
@	SW	X	X	O
daelim	SL	X	X	O
_	SW	X	X	O
museum	SL	X	X	O
in	SL	X	X	O
서울특별시	NNP	X	X	O
By	SL	X	X	O
cacaoz	SL	X	X	O
@	SW	X	X	O
동대문디자인플라자	NNP	X	X	A
(	SS	X	X	O
Dongdaemun	SL	X	X	O
Design	SL	X	X	O
Plaza	SL	X	X	O
,	SP	X	X	O
DDP	SL	X	X	O
)	SS	X	X	O
그	MM	X	X	O
차	NNG	X	X	O
많	VA	X	X	O
은	ETM	X	X	O
미국	NNP	X	X	O
서	JKB	X	X	O
도	JX	X	X	O
이런	MM	X	X	O
거	NNB	X	X	O
없	VA	X	X	O
던	ETM	X	X	O
거	NNB	X	X	O
같	VA	X	X	O
던데	EC	X	X	O
3	SN	X	X	O
년	NNB	X	X	O
된	XSV	X	X	O
차	NNG	X	X	O
를	JKO	X	X	O
돈	NNG	X	X	O
받	VV	X	X	O
구	EC	X	X	O
검사	NNG	X	X	O
하	XSV	X	X	O
ㄴ다	EF	X	X	O
?	SF	X	X	O
누구	NP	X	X	O
좋	VA	X	X	O
으라구	EC	X	X	O
만듨	VV	X	X	O
것	NNB	X	X	O
같	VA	X	X	O
다는	ETM	X	X	O
.	SF	X	X	O
할	NNB	X	X	O
튼	VV	X	X	O
이	MM	X	X	O
나라	NNG	X	X	O
는	JX	X	X	O
언제	NP	X	X	O
쯤	NNB	X	X	O
이나	JX	X	X	O
좋	VA	X	X	O
은	ETM	X	X	O
나라	NNG	X	X	O
가	JKS	X	X	O
되	VV	X	X	O
ㄹ지	EF	X	X	O
.	SF	X	X	O
(	SS	X	X	O
@	SW	X	X	O
교통안전공단	NNP	P	X	A
강남	NNP	P	X	A
검사소	NNG	P	X	A
in	SL	X	X	O
서울시	NNP	X	X	O
)	SS	X	X	O
By	SL	X	X	O
@	SW	X	X	O
kkamoxo	SL	X	X	O
see	SL	X	X	O
tomorrow	SL	X	X	O
!	SF	X	X	O
At	SL	X	X	O
arttoyculture	SL	X	X	O
@	SW	X	X	O
동대문디자인플라자	NNP	X	X	A
(	SS	X	X	O
Dongdaemun	SL	X	X	O
Design	SL	X	X	O
Plaza	SL	X	X	O
,	SP	X	X	O
DDP	SL	X	X	O
)	SS	X	X	O
#	SW	X	X	O
서래마을	NNP	X	P	O
#	SW	X	X	O
스시	NNP	X	P	A
타	NNG	X	P	A
노	NNG	X	P	A
#	SW	X	X	O
스시	NNP	X	X	O
#	SW	X	X	O
?	SF	X	X	O
#	SW	X	X	O
점심	NNG	X	X	O
@	SW	X	X	O
스시	NNP	X	P	A
타	NNG	X	P	A
노	NNG	X	P	A
#	SW	X	X	O
스시	NNP	X	P	A
타	NNG	X	P	A
노	NNG	X	P	A
#	SW	X	X	O
스시	NNP	X	X	O
#	SW	X	X	O
서래마을	NNP	X	P	O
@	SW	X	X	O
스시	NNP	X	P	A
타	NNG	X	P	A
노	NNG	X	P	A
@	SW	X	X	O
_	SW	X	X	O
_	SW	X	X	O
jisu	SL	X	X	O
_	SW	X	X	O
_	SW	X	X	O
금호강	NNP	X	X	A
건너	VV	X	X	O
ㅁ	ETN	X	X	O
#	SW	X	X	O
서래마을	NNP	X	P	O
#	SW	X	X	O
스시	NNP	X	P	A
타	NNG	X	P	A
노	NNG	X	P	A
#	SW	X	X	O
울	VV	X	X	O
니	EC	X	X	O
@	SW	X	X	O
스시	NNP	X	P	A
타	NNG	X	P	A
노	NNG	X	P	A
#	SW	X	X	O
부엉이	NNP	X	X	O
맥주	NNG	X	X	O
#	SW	X	X	O
비어	NNG	X	X	O
#	SW	X	X	O
beer	SL	X	X	O
#	SW	X	X	O
서래마을	NNP	X	P	O
@	SW	X	X	O
스시	NNP	X	P	A
타	NNG	X	P	A
노	NNG	X	P	A
워크샵	NNP	X	X	O
서막	NNG	X	X	O
...	SE	X	X	O
(	SS	X	X	O
@	SW	X	X	O
이순신	NNP	P	P	A
횟집	NNG	P	P	A
in	SL	X	X	O
안산시	NNP	X	X	O
,	SP	X	X	O
경기도	NNP	X	X	O
)	SS	X	X	O
여기	NP	X	X	O
는	JX	X	X	O
업무	NNG	X	X	O
차	NNG	X	X	O
방문	NNG	X	X	O
도	JX	X	X	O
주차	NNG	X	X	O
요금	NNG	X	X	O
을	JKO	X	X	O
받	VV	X	X	O
음	ETN	X	X	O
(	SS	X	X	O
@	SW	X	X	O
기독교	NNG	P	X	A
연합회	NNG	P	X	A
관	JKB	P	X	A
in	SL	X	X	O
Seoul	SL	X	X	O
)	SS	X	X	O
Just	SL	X	X	O
a	SL	X	X	O
sketch	SL	X	X	O
,	SP	X	X	O
it	SL	X	X	O
'	SS	X	X	O
s	SL	X	X	O
so	SL	X	X	O
ugly	SL	X	X	O
lol	SL	X	X	O
?	SF	X	X	O
@	SW	X	X	O
인사동	NNP	X	P	A
신	XPN	X	X	A
옛	NNG	X	P	A
찻집	NNG	X	P	A
I	SL	X	X	O
'	SS	X	X	O
m	SL	X	X	O
at	SL	X	X	O
貢茶	SH	X	X	O
(	SS	X	X	O
공차	NNP	X	X	A
)	SS	X	X	O
/	SP	X	X	O
GONG	SL	X	X	O
CHA	SL	X	X	O
in	SL	X	X	O
Seoul	SL	X	X	O
맛있	VA	X	X	O
네	EC	X	X	O
~	SO	X	X	O
really	SL	X	X	O
good	SL	X	X	O
samgyeobsal	SL	X	X	O
!	SF	X	X	O
@	SW	X	X	O
고기	NNG	X	P	A
창고	NNG	X	P	A
방금	MAG	X	X	O
사진	NNG	X	X	O
게시	NNG	X	X	O
@	SW	X	X	O
대관초등학교	NNP	X	X	A
비	NNG	X	X	O
가	JKS	X	X	O
오	VV	X	X	O
는	ETM	X	X	O
날	NNG	X	X	O
이	VCP	X	X	O
ㄴ데	EC	X	X	O
빙수	NNG	X	X	O
를	JKO	X	X	O
먹	VV	X	X	O
었	EP	X	X	O
어	EF	X	X	O
!	SF	X	X	O
ㅋㅋㅋ	NA	X	X	O
@	SW	X	X	O
팥	NNG	X	P	A
미옥	NNP	X	P	A
Regen	SL	X	X	O
#	SW	X	X	O
렛미인	NNP	X	X	O
@	SW	X	X	O
리	NNB	X	X	A
젠	NNP	X	X	A
성형외과	NNG	X	X	A
Street	SL	X	X	O
foods	SL	X	X	O
all	SL	X	X	O
you	SL	X	X	O
want	SL	X	X	O
!	SF	X	X	O
?	SF	X	X	O
(	SS	X	X	O
@	SW	X	X	O
광장시장	NNP	P	P	A
(	SS	X	X	O
Gwangjang	SL	X	X	O
Market	SL	X	X	O
)	SS	X	X	O
in	SL	X	X	O
서울특별시	NNP	X	X	O
)	SS	X	X	O
시청	NNG	X	X	A
에서	JKB	X	X	O
오늘	NNG	X	X	O
시위	NNG	X	X	O
있	VV	X	X	O
을	ETM	X	X	O
예정	NNG	X	X	O
이	VCP	X	X	O
ㄴ데	EC	X	X	O
버스봐라ㅠ	NA	X	X	O
I	SL	X	X	O
'	SS	X	X	O
m	SL	X	X	O
at	SL	X	X	O
인천국제공항	NNP	P	P	A
(	SS	X	X	O
Incheon	SL	X	X	O
International	SL	X	X	O
Airport	SL	X	X	O
-	SS	X	X	O
ICN	SL	X	X	O
)	SS	X	X	O
in	SL	X	X	O
인천광역시	NNP	X	X	O
Economic	SL	X	X	O
101	SN	X	X	O
with	SL	X	X	O
Kuya	SL	X	X	O
Erwin	SL	X	X	O
(	SS	X	X	O
at	SL	X	X	O
커피	NNG	X	P	A
명가	NNG	X	P	A
(	SS	X	X	O
Coffee	SL	X	X	O
Myungga	SL	X	X	O
)	SS	X	X	O
)	SS	X	X	O
?	SF	X	X	O
Rain	SL	X	X	O
and	SL	X	X	O
spring	SL	X	X	O
don	SL	X	X	O
'	SS	X	X	O
t	SL	X	X	O
dance	SL	X	X	O
that	SL	X	X	O
good	SL	X	X	O
.	SF	X	X	O
?	SF	X	X	O
?	SF	X	X	O
?	SF	X	X	O
#	SW	X	X	O
spring	SL	X	X	O
#	SW	X	X	O
cherryblossom	SL	X	X	O
#	SW	X	X	O
korea	SL	X	X	O
#	SW	X	X	O
vscocam	SL	X	X	O
@	SW	X	X	O
중앙대학교	NNP	X	X	A
예술	NNG	X	X	A
대학	NNG	X	X	A
KR	SL	X	X	O
:	SP	X	X	O
여성가족부	NNP	X	X	O
,	SP	X	X	O
성폭력	NNG	X	X	O
·	SP	X	X	O
가정폭력	NNP	X	X	O
피해자	NNG	X	X	O
돕	VV	X	X	O
는	ETM	X	X	O
해바라기	NNG	X	P	A
센터	NNG	X	X	A
2	SN	X	X	O
개소	NNB	X	X	O
신설	NNG	X	X	O
?	SF	X	X	O
-	SS	X	X	O
해바라기	NNG	X	P	A
센터	NNG	X	X	A
는	JX	X	X	O
성폭력	NNG	X	X	O
·	SP	X	X	O
가정폭력	NNP	X	X	O
·	SP	X	X	O
성매매	NNP	X	X	O
피해자	NNG	X	X	O
가	JKS	X	X	O
365	SN	X	X	O
일	NNB	X	X	O
24	SN	X	X	O
시간	NNG	X	X	O
의료	NNG	X	X	O
,	SP	X	X	O
수사	NNG	X	X	O
,	SP	X	X	O
법률	NNG	X	X	O
,	SP	X	X	O
상담	NNG	X	X	O
,	SP	X	X	O
심리	NNG	X	X	O
지원	NNG	X	X	O
서비스	NNG	X	X	O
를	JKO	X	X	O
받	VV	X	X	O
을	ETM	X	X	O
수	NNB	X	X	O
있	VV	X	X	O
는	ETM	X	X	O
…	SE	X	X	O
?	SF	X	X	O
?	SF	X	X	O
?	SF	X	X	O
?	SF	X	X	O
?	SF	X	X	O
?	SF	X	X	O
?	SF	X	X	O
?	SF	X	X	O
?	SF	X	X	O
?	SF	X	X	O
?	SF	X	X	O
?	SF	X	X	O
?	SF	X	X	O
?	SF	X	X	O
?	SF	X	X	O
?	SF	X	X	O
?	SF	X	X	O
?	SF	X	X	O
?	SF	X	X	O
?	SF	X	X	O
?	SF	X	X	O
?	SF	X	X	O
?	SF	X	X	O
?	SF	X	X	O
?	SF	X	X	O
?	SF	X	X	O
?	SF	X	X	O
?	SF	X	X	O
?	SF	X	X	O
?	SF	X	X	O
?	SF	X	X	O
?	SF	X	X	O
?	SF	X	X	O
?	SF	X	X	O
?	SF	X	X	O
?	SF	X	X	O
?	SF	X	X	O
?	SF	X	X	O
?	SF	X	X	O
?	SF	X	X	O
?	SF	X	X	O
?	SF	X	X	O
?	SF	X	X	O
?	SF	X	X	O
?	SF	X	X	O
?	SF	X	X	O
?	SF	X	X	O
?	SF	X	X	O
?	SF	X	X	O
?	SF	X	X	O
?	SF	X	X	O
?	SF	X	X	O
?	SF	X	X	O
?	SF	X	X	O
@	SW	X	X	O
Insadong	SL	X	X	O
서울	NNP	X	P	A
미술관	NNG	X	P	A
I	SL	X	X	O
'	SS	X	X	O
m	SL	X	X	O
at	SL	X	X	O
홈플러스	NNP	P	P	A
/	SP	P	P	O
Home	SL	P	P	O
Plus	SL	P	P	O
in	SL	X	X	O
대전광역시	NNP	X	X	O
Day	SL	X	X	O
2	SN	X	X	O
?	SF	X	X	O
#	SW	X	X	O
adviantures	SL	X	X	O
@	SW	X	X	O
명동역	NNP	X	X	A
Myeongdong	SL	X	X	O
Station	SL	X	X	O
I	SL	X	X	O
'	SS	X	X	O
m	SL	X	X	O
at	SL	X	X	O
망고	NNP	P	P	A
식스	NNP	P	P	A
/	SP	X	X	O
MANGO	SL	X	X	O
SIX	SL	X	X	O
in	SL	X	X	O
서울특별시	NNP	X	X	O
핀홀카메라	NNP	X	X	O
의	JKG	X	X	O
사진	NNG	X	X	O
처럼	JKB	X	X	O
?	SF	X	X	O
@	SW	X	X	O
동대문디자인플라자	NNP	X	X	A
(	SS	X	X	O
Dongdaemun	SL	X	X	O
Design	SL	X	X	O
Plaza	SL	X	X	O
,	SP	X	X	O
DDP	SL	X	X	O
)	SS	X	X	O
생일날	NNG	X	X	O
에	JKB	X	X	O
안동하회마을	NNP	X	P	A
방문	NNG	X	X	O
한	XSV	X	X	O
엘리자베스	NNP	X	X	O
여왕	NNG	X	X	O
생일	NNG	X	X	O
상	XSN	X	X	O
클라스	NNP	X	X	O
;	SP	X	X	O
;	SP	X	X	O
4	SN	X	X	O
.	SF	X	X	O
16	SN	X	X	O
...	SE	X	X	O
싸이렌	NNP	X	P	O
이	JKS	X	X	O
울리	VV	X	X	O
며	EC	X	X	O
모두	NNG	X	X	O
가	JKS	X	X	O
멈추	VV	X	X	O
ㄴ다	EC	X	X	O
(	SS	X	X	O
@	SW	X	X	O
마로니에공원	NNP	P	P	A
(	SS	X	X	O
Marronnier	SL	X	X	O
Park	SL	X	X	O
)	SS	X	X	O
in	SL	X	X	O
서울특별시	NNP	X	X	O
)	SS	X	X	O
Yoook	SL	X	X	O
dah	SL	X	X	O
pulangaaaaan	SL	X	X	O
hahahaaa	SL	X	X	O
(	SS	X	X	O
with	SL	X	X	O
Nitta	SL	X	X	O
at	SL	X	X	O
큐브	NNP	P	P	A
카페	NNG	P	P	A
(	SS	X	X	O
CUBE	SL	X	X	O
Cafe	SL	X	X	O
&	SW	X	X	O
Studio	SL	X	X	O
)	SS	X	X	O
)	SS	X	X	O
[	SS	X	X	O
pic	SL	X	X	O
]	SS	X	X	O
?	SF	X	X	O
I	SL	X	X	O
'	SS	X	X	O
m	SL	X	X	O
at	SL	X	X	O
인천국제공항	NNP	P	P	A
(	SS	X	X	O
Incheon	SL	X	X	O
International	SL	X	X	O
Airport	SL	X	X	O
-	SS	X	X	O
ICN	SL	X	X	O
)	SS	X	X	O
in	SL	X	X	O
인천광역시	NNP	X	X	O
비가	NNG	X	X	O
오	VV	X	X	O
는	ETM	X	X	O
날	NNG	X	X	O
에	JKB	X	X	O
#	SW	X	X	O
식혜	NNG	X	X	O
한잔	NNG	X	X	O
?	SF	X	X	O
?	SF	X	X	O
@	SW	X	X	O
한국영상대학교	NNP	X	X	A
창의	NNG	X	X	A
관	JKB	X	X	A
Waiting	SL	X	X	O
(	SS	X	X	O
@	SW	X	X	O
상봉역	NNP	P	P	A
(	SS	X	X	O
Sangbong	SL	X	X	O
Stn	SL	X	X	O
.	SF	X	X	O
)	SS	X	X	O
in	SL	X	X	O
서울특별시	NNP	X	X	O
)	SS	X	X	O
@	SW	X	X	O
dkswogh	SL	X	X	O
111	SN	X	X	O
하	VV	X	X	O
아	EC	X	X	O
쓰	VV	X	X	O
었	EP	X	X	O
다	EC	X	X	O
~	SO	X	X	O
!	SF	X	X	O
~	SO	X	X	O
!	SF	X	X	O
음악	NNG	X	X	O
꼽	VV	X	X	O
고	EC	X	X	O
자전거	NNG	X	X	O
타	VV	X	X	O
고	EC	X	X	O
중랑천	NNP	X	P	A
가자	NNP	X	X	O
~	SO	X	X	O
!	SF	X	X	O
~	SO	X	X	O
!	SF	X	X	O
:	SP	X	X	O
)	SS	X	X	O
On	SL	X	X	O
the	SL	X	X	O
rainy	SL	X	X	O
day	SL	X	X	O
?	SF	X	X	O
?	SF	X	X	O
?	SF	X	X	O
?	SF	X	X	O
?	SF	X	X	O
?	SF	X	X	O
?	SF	X	X	O
?	SF	X	X	O
?	SF	X	X	O
?	SF	X	X	O
?	SF	X	X	O
?	SF	X	X	O
?	SF	X	X	O
?	SF	X	X	O
?	SF	X	X	O
?	SF	X	X	O
?	SF	X	X	O
?	SF	X	X	O
?	SF	X	X	O
?	SF	X	X	O
?	SF	X	X	O
?	SF	X	X	O
?	SF	X	X	O
?	SF	X	X	O
?	SF	X	X	O
@	SW	X	X	O
홍대	NNP	X	X	O
상수역	NNP	X	X	A
근처	NNG	X	X	O
@	SW	X	X	O
dkswogh	SL	X	X	O
111	SN	X	X	O
이제	MAG	X	X	O
중랑천	NNP	P	P	A
에	JKB	X	X	O
가자	NNP	X	X	O
~	SO	X	X	O
!	SF	X	X	O
~	SO	X	X	O
!	SF	X	X	O
^	SW	X	X	O
^	SW	X	X	O
We	SL	X	X	O
'	SS	X	X	O
ll	SL	X	X	O
watch	SL	X	X	O
Chanyeol	SL	X	X	O
'	SS	X	X	O
s	SL	X	X	O
movie	SL	X	X	O
~	SO	X	X	O
(	SS	X	X	O
@	SW	X	X	O
CGV	SL	P	P	A
압구정	NNP	P	P	A
-	SS	P	X	O
@	SW	P	X	O
cj	SL	P	X	O
_	SW	P	X	O
cgv	SL	P	X	O
in	SL	X	X	O
서울특별시	NNP	X	X	O
)	SS	X	X	O
I	SL	X	X	O
'	SS	X	X	O
m	SL	X	X	O
at	SL	X	X	O
농수산물유통공사	NNP	P	P	A
화훼	NNG	P	P	A
공판장	NNG	P	P	A
in	SL	X	X	O
서울특별시	NNP	X	X	O
I	SL	X	X	O
'	SS	X	X	O
m	SL	X	X	O
at	SL	X	X	O
N서울타워	NNP	P	P	O
(	SS	X	X	O
N	SL	X	X	O
Seoul	SL	X	X	O
Tower	SL	X	X	O
)	SS	X	X	O
in	SL	X	X	O
서울특별시	NNP	X	X	O
지금	MAG	X	X	O
광화문	NNP	P	P	A
에서	JKB	X	X	O
는	JX	X	X	O
...	SE	X	X	O
@	SW	X	X	O
Gwanghwamun	SL	X	X	O
I	SL	X	X	O
'	SS	X	X	O
m	SL	X	X	O
at	SL	X	X	O
경복궁	NNP	P	P	A
(	SS	X	X	O
景福宮	SH	X	X	O
,	SP	X	X	O
Gyeongbokgung	SL	X	X	O
)	SS	X	X	O
-	SS	X	X	O
@	SW	X	X	O
chlove	SL	X	X	O
_	SW	X	X	O
u	SL	X	X	O
in	SL	X	X	O
서울특별시	NNP	X	X	O
#	SW	X	X	O
양평	NNP	X	X	O
#	SW	X	X	O
미술관	NNG	X	P	O
#	SW	X	X	O
art	SL	X	X	O
@	SW	X	X	O
양평군	NNP	X	P	A
립	NNG	X	P	A
미술관	NNG	X	P	A
영업정지	NNP	X	X	O
(	SS	X	X	O
파산	NNG	X	X	O
신청	NNG	X	X	O
)	SS	X	X	O
처분	NNG	X	X	O
된	XSV	X	X	O
상호저축은행	NNP	X	X	A
에	JKB	X	X	O
5	SN	X	X	O
천	NR	X	X	O
만원	NNG	X	X	O
이상	NNG	X	X	O
예금	NNG	X	X	O
하	XSV	X	X	O
신	EP	X	X	O
예금주	NNG	X	X	O
중	NNB	X	X	O
"	SS	P	X	O
계약	NNG	P	X	O
이전	NNG	P	X	O
"	SS	P	X	O
에서	JKB	X	X	O
제외	NNG	X	X	O
된	XSV	X	X	O
분	NNB	X	X	O
들	XSN	X	X	O
께서	JKS	X	X	O
는	JX	X	X	O
"	SS	X	X	O
예금자	NNG	X	X	O
보호	NNG	X	X	O
법	NNG	X	X	O
"	SS	X	X	O
을	ETM	X	X	O
검색	NNG	X	X	O
하	XSV	X	X	O
아	EC	X	X	O
내용	NNG	X	X	O
을	JKO	X	X	O
확인	NNG	X	X	O
하	XSV	X	X	O
길	ETN	X	X	O
권하	VV	X	X	O
아	EC	X	X	O
드리	VX	X	X	O
ㅂ니다	EC	X	X	O
"	SS	X	X	O
용인	NNP	X	X	A
천주교	NNG	X	X	A
공원묘지	NNG	X	X	A
"	SS	X	X	O
를	JKO	X	X	O
비롯	XR	X	X	O
한	XSA	X	X	O
국내	NNG	X	X	O
모든	MM	X	X	O
천주교	NNG	X	X	O
묘지	NNG	X	X	O
에	JKB	X	X	O
1986	SN	X	X	O
년	NNB	X	X	O
부터	JX	X	X	O
"	SS	X	X	O
사용료	NNG	X	X	O
및	MAJ	X	X	O
관리비	NNG	X	X	O
"	SS	X	X	O
를	JKO	X	X	O
납부	NNG	X	X	O
하	XSV	X	X	O
신	EP	X	X	O
분	NNB	X	X	O
들	XSN	X	X	O
과	JC	X	X	O
"	SS	X	X	O
영구	NNG	X	X	O
관리	NNG	X	X	O
예치금	NNG	X	X	O
"	SS	X	X	O
을	ETM	X	X	O
납부	NNG	X	X	O
하	XSV	X	X	O
신	EP	X	X	O
분	NNB	X	X	O
들	XSN	X	X	O
을	JKO	X	X	O
찾	VV	X	X	O
습니다	EF	X	X	O
.	SF	X	X	O
RT	SL	X	X	O
해	NNG	X	X	O
주	VX	X	X	O
시	EP	X	X	O
어요	EC	X	X	O
^	SW	X	X	O
^	SW	X	X	O
I	SL	X	X	O
want	SL	X	X	O
out	SL	X	X	O
.	SF	X	X	O
@	SW	X	X	O
7호선	NNP	X	X	O
상봉역	NNP	X	P	A
"	SS	X	X	O
용인	NNP	X	X	A
천주교	NNG	X	X	A
공원묘지	NNG	X	X	A
"	SS	X	X	O
를	JKO	X	X	O
비롯	XR	X	X	O
한	XSA	X	X	O
국내	NNG	X	X	O
모든	MM	X	X	O
천주교	NNG	X	X	O
묘지	NNG	X	X	O
에	JKB	X	X	O
"	SS	X	X	O
계약서	NNG	X	X	O
"	SS	X	X	O
를	JKO	X	X	O
받	VV	X	X	O
지	EC	X	X	O
못하	VX	X	X	O
고	EC	X	X	O
"	SS	X	X	O
사용	NNG	X	X	O
허가	NNG	X	X	O
서	JKB	X	X	O
"	SS	X	X	O
만	NR	X	X	O
으로	JKB	X	X	O
계약	NNG	X	X	O
하	VV	X	X	O
시	EP	X	X	O
었	EP	X	X	O
거나	EC	X	X	O
"	SS	X	X	O
관리비	NNG	X	X	O
청구서	NNG	X	X	O
"	SS	X	X	O
를	JKO	X	X	O
받	VV	X	X	O
지	EC	X	X	O
못하	VX	X	X	O
신	EP	X	X	O
분	NNB	X	X	O
들	XSN	X	X	O
을	JKO	X	X	O
찾	VV	X	X	O
습니다	EF	X	X	O
.	SF	X	X	O
RT	SL	X	X	O
해	NNG	X	X	O
주	VX	X	X	O
시	EP	X	X	O
어요	EC	X	X	O
^	SW	X	X	O
^	SW	X	X	O
내일	NNG	X	X	O
또	MAJ	X	X	O
올껰	NA	X	X	O
(	SS	X	X	O
@	SW	X	X	O
잠실야구장	NNP	P	P	A
(	SS	X	X	O
Jamsil	SL	X	X	O
Baseball	SL	X	X	O
Stadium	SL	X	X	O
)	SS	X	X	O
in	SL	X	X	O
서울특별시	NNP	X	X	O
)	SS	X	X	O
뭐	NP	X	X	O
더러	JKB	X	X	O
일찍	MAG	X	X	O
출발	NNG	X	X	O
하	XSV	X	X	O
아서	EF	X	X	O
.	SF	X	X	O
.	SF	X	X	O
(	SS	X	X	O
@	SW	X	X	O
추풍령휴게소	NNP	P	X	A
in	SL	X	X	O
김천시	NNP	X	X	O
,	SP	X	X	O
경상북도	NNP	X	X	O
)	SS	X	X	O
@	SW	X	X	O
kookmin	SL	X	X	O
77	SN	X	X	O
@	SW	X	X	O
hantle	SL	X	X	O
서울관악구	NNP	X	X	O
난곡	NNP	X	X	O
사거리	NNG	X	X	O
에	JKB	X	X	O
위치	NNG	X	X	O
한	XSV	X	X	O
정동영	NNP	X	X	O
후보	NNG	X	X	O
선거	NNG	X	X	O
캠프	NNG	X	X	O
는	JX	X	X	O
정	NNP	X	X	O
후보	NNG	X	X	O
의	JKG	X	X	O
팽목항	NNP	X	X	A
방문	NNG	X	X	O
으로	JKB	X	X	O
이날	NNG	X	X	O
하루	NNG	X	X	O
선거	NNG	X	X	O
중단	NNG	X	X	O
을	JKO	X	X	O
알리	VV	X	X	O
는	ETM	X	X	O
대형	NNG	X	X	O
현수막	NNG	X	X	O
을	JKO	X	X	O
내걸	VV	X	X	O
었	EP	X	X	O
다	EF	X	X	O
.	SF	X	X	O
RT	SL	X	X	O
부탁	NNG	X	X	O
!	SF	X	X	O
오늘	NNG	X	X	O
오후	NNG	X	X	O
7	SN	X	X	O
시	NNB	X	X	O
청소년	NNG	X	X	O
문화	NNG	X	X	O
센터	NNG	X	X	O
에서	JKB	X	X	O
예정	NNG	X	X	O
된	XSV	X	X	O
음성	NNG	X	X	O
추모제	NNG	X	X	O
를	JKO	X	X	O
우천	NNG	X	X	O
관계	NNG	X	X	O
로	JKB	X	X	O
금왕읍	NNP	X	X	A
사무소	NNG	X	X	A
2	SN	X	X	O
층	XSN	X	X	O
대	XPN	P	X	O
강당	NNG	P	X	O
에서	JKB	X	X	O
하	VV	X	X	O
기	ETN	X	X	O
로	JKB	X	X	O
변경	NNG	X	X	O
하	XSV	X	X	O
았	EP	X	X	O
습니다	EF	X	X	O
.	SF	X	X	O
착오	NNG	X	X	O
없	VA	X	X	O
으시	EP	X	X	O
길	ETN	X	X	O
!	SF	X	X	O
I	SL	X	X	O
'	SS	X	X	O
m	SL	X	X	O
at	SL	X	X	O
동대문	NNP	P	P	A
쇼핑	NNG	P	P	A
타운	NNG	P	P	A
(	SS	X	X	O
Dongdaemun	SL	X	X	O
Shopping	SL	X	X	O
Town	SL	X	X	O
)	SS	X	X	O
in	SL	X	X	O
서울특별시	NNP	X	X	O
소나기	NNG	X	X	O
그친	VV	X	X	O
뒤	NNG	X	X	O
~	SO	X	X	O
@	SW	X	X	O
문래	NNP	X	X	A
창작	NNG	X	X	A
촌	NNB	X	X	A
?	SF	X	X	O
?	SF	X	X	O
?	SF	X	X	O
?	SF	X	X	O
?	SF	X	X	O
~	SO	X	X	O
♥	SW	X	X	O
?	SF	X	X	O
♥	SW	X	X	O
?	SF	X	X	O
♥	SW	X	X	O
?	SF	X	X	O
mukidrummer	SL	X	X	O
@	SW	X	X	O
청계천	NNP	X	P	A
이	JKS	X	X	O
보이	VV	X	X	O
는	ETM	X	X	O
Cafe	SL	X	X	O
Goodovening	SL	X	X	O
@	SW	X	X	O
namdo	SL	X	X	O
102	SN	X	X	O
4월16일	NNP	X	X	O
오후	NNG	X	X	O
4	SN	X	X	O
시	NNB	X	X	O
...	SE	X	X	O
남미	NNP	X	X	O
순방	NNG	X	X	O
을	JKO	X	X	O
위하	VV	X	X	O
아	EC	X	X	O
광주공항	NNP	X	X	A
에서	JKB	X	X	O
오후	NNG	X	X	O
에	JKB	X	X	O
출국	NNG	X	X	O
하	XSV	X	X	O
려던	ETM	X	X	O
박근혜	NNP	X	X	O
대통령	NNG	X	X	O
이	JKS	X	X	O
출국	NNG	X	X	O
장소	NNG	X	X	O
를	JKO	X	X	O
서울공항	NNP	X	X	A
으로	JKB	X	X	O
변경	NNG	X	X	O
하	XSV	X	X	O
고	EC	X	X	O
급	NNG	X	X	O
거	NNB	X	X	O
상경	NNG	X	X	O
,	SP	X	X	O
오후	NNG	X	X	O
3	SN	X	X	O
시	NNB	X	X	O
부터	JX	X	X	O
청와대	NNP	P	P	O
에서	JKB	X	X	O
새누리당	NNP	X	X	O
김무성	NNP	X	X	O
대표	NNG	X	X	O
와	JC	X	X	O
단독	NNG	X	X	O
으로	JKB	X	X	O
만나	VV	X	X	O
았	EP	X	X	O
다	EF	X	X	O
.	SF	X	X	O
닭갈비	NNP	X	X	O
(	SS	X	X	O
어제	MAG	X	X	O
티비	NNP	X	X	O
나온	VV	X	X	O
그	MM	X	X	O
집	NNG	X	X	O
)	SS	X	X	O
@	SW	X	X	O
우성	NNP	X	P	A
닭갈비	NNP	X	P	A
@	SW	X	X	O
namdo	SL	X	X	O
102	SN	X	X	O
현재	MAG	X	X	O
청와대	NNP	X	P	A
와	JC	X	X	O
당	NNG	P	X	O
은	JX	X	X	O
면담	NNG	X	X	O
이	JKS	X	X	O
끝나	VV	X	X	O
았	EP	X	X	O
으며	EC	X	X	O
당	NNG	P	X	O
에서	JKB	X	X	O
면담	NNG	X	X	O
결과	NNG	X	X	O
를	JKO	X	X	O
발표	NNG	X	X	O
할	XSV	X	X	O
것	NNB	X	X	O
으로	JKB	X	X	O
전하	VV	X	X	O
아	EC	X	X	O
지	VX	X	X	O
었	EP	X	X	O
다	EF	X	X	O
.	SF	X	X	O
면담	NNG	X	X	O
내용	NNG	X	X	O
은	JX	X	X	O
현재	MAG	X	X	O
정국	NNG	X	X	O
을	JKO	X	X	O
뒤흔들	VV	X	X	O
고	EC	X	X	O
있	VV	X	X	O
는	ETM	X	X	O
성완종	NNP	X	X	O
리스트	NNG	X	X	O
관련	NNG	X	X	O
으로	JKB	X	X	O
보이	VV	X	X	O
며	EC	X	X	O
,	SP	X	X	O
이완구	NNP	X	X	O
총리	NNG	X	X	O
의	JKG	X	X	O
거취	NNG	X	X	O
문제	NNG	X	X	O
가	JKS	X	X	O
논의	NNG	X	X	O
된	XSV	X	X	O
것	NNB	X	X	O
이	JKS	X	X	O
아니	VCN	X	X	O
ㄴ가	EC	X	X	O
하	VX	X	X	O
는	ETM	X	X	O
추측	NNG	X	X	O
들	XSN	X	X	O
이	JKS	X	X	O
난무	NNG	X	X	O
하	XSV	X	X	O
고	EC	X	X	O
있	VX	X	X	O
다	EF	X	X	O
.	SF	X	X	O
?	SF	X	X	O
?	SF	X	X	O
?	SF	X	X	O
?	SF	X	X	O
?	SF	X	X	O
?	SF	X	X	O
?	SF	X	X	O
?	SF	X	X	O
?	SF	X	X	O
?	SF	X	X	O
?	SF	X	X	O
?	SF	X	X	O
?	SF	X	X	O
(	SS	X	X	O
@	SW	X	X	O
경복궁	NNP	P	P	A
(	SS	X	X	O
景福宮	SH	X	X	O
,	SP	X	X	O
Gyeongbokgung	SL	X	X	O
)	SS	X	X	O
-	SS	X	X	O
@	SW	X	X	O
chlove	SL	X	X	O
_	SW	X	X	O
u	SL	X	X	O
in	SL	X	X	O
서울특별시	NNP	X	X	O
)	SS	X	X	O
I	SL	X	X	O
'	SS	X	X	O
m	SL	X	X	O
at	SL	X	X	O
쌈지	NNG	P	P	A
길	NNG	P	P	A
(	SS	X	X	O
Ssamzigil	SL	X	X	O
)	SS	X	X	O
in	SL	X	X	O
서울특별시	NNP	X	X	O
Fisher	SL	X	X	O
man	SL	X	X	O
#	SW	X	X	O
NXTravellerKorea	SL	X	X	O
#	SW	X	X	O
SamsungNX	SL	X	X	O
#	SW	X	X	O
nx	SL	X	X	O
1	SN	X	X	O
#	SW	X	X	O
korea	SL	X	X	O
#	SW	X	X	O
VisitKorea	SL	X	X	O
@	SW	X	X	O
낙안읍성	NNP	X	X	A
위령	NNG	X	X	O
재	VV	X	X	O
어	EF	X	X	O
.	SF	X	X	O
#	SW	X	X	O
세월호	NNP	X	X	O
(	SS	X	X	O
@	SW	X	X	O
원광대학교	NNP	P	X	A
학생	NNG	P	P	A
회관	NNG	P	P	A
in	SL	X	X	O
익산시	NNP	X	X	O
,	SP	X	X	O
전라북도	NNP	X	P	O
)	SS	X	X	O
@	SW	X	X	O
type	SL	X	X	O
_	SW	X	X	O
aksdnwjf	SL	X	X	O
우마	NNG	X	P	A
루	NNG	X	P	A
가	JKS	X	X	O
웃습니다.ㅋ	NA	X	X	O
(	SS	X	X	O
국정	NNG	X	X	O
과제	NNG	X	X	O
우수	NNG	X	X	O
사례	NNG	X	X	O
현장	NNG	X	X	O
학습	NNG	X	X	O
)	SS	X	X	O
4	SN	X	X	O
.	SF	X	X	O
15	SN	X	X	O
.	SF	X	X	O
(	SS	X	X	O
수	NNB	X	X	O
)	SS	X	X	O
부터	JX	X	X	O
17	SN	X	X	O
.	SF	X	X	O
(	SS	X	X	O
금	NNG	X	X	O
)	SS	X	X	O
까지	JX	X	X	O
중견	NNG	X	X	O
리더	NNG	X	X	O
과정	NNG	X	X	O
(	SS	X	X	O
지자체	NNG	X	X	O
5	SN	P	X	O
급	NNG	P	X	O
)	SS	P	X	O
에서	JKB	X	X	O
는	JX	X	X	O
창조경제	NNP	X	X	O
선진	NNG	X	X	O
지	NNB	X	X	O
포스코	NNP	X	X	A
광양제철소	NNP	X	P	A
및	MAJ	X	X	O
순천만	NNP	X	P	A
자연	NNG	X	X	A
생태	NNG	X	P	A
공원	NNG	X	P	A
등	NNB	X	X	O
을	JKO	X	X	O
견학	NNG	X	X	O
하	XSV	X	X	O
고	EC	X	X	O
브리핑	NNG	X	X	O
을	JKO	X	X	O
청취	NNG	X	X	O
하	XSV	X	X	O
았	EP	X	X	O
습니다	EF	X	X	O
.	SF	X	X	O
완성	NNG	X	X	O
@	SW	X	X	O
우성	NNP	X	P	A
닭갈비	NNP	X	P	A
정기	NNG	X	X	O
검진	NNG	X	X	O
(	SS	X	X	O
@	SW	X	X	O
스피드	NNG	X	P	A
메이트	NNP	X	P	A
강서	NNP	X	X	A
점	NNB	X	X	A
)	SS	X	X	O
With	SL	X	X	O
one	SL	X	X	O
of	SL	X	X	O
my	SL	X	X	O
father	SL	X	X	O
-	SS	X	X	O
in	SL	X	X	O
-	SS	X	X	O
lawSSS	SL	X	X	O
aka	SL	X	X	O
#	SW	X	X	O
INFINITE	SL	X	X	O
#	SW	X	X	O
Sungyeol	SL	X	X	O
'	SS	X	X	O
s	SL	X	X	O
appa	SL	X	X	O
?	SF	X	X	O
#	SW	X	X	O
choding	SL	X	X	O
@	SW	X	X	O
비비큐	NNP	X	P	A
프리미엄	NNG	X	P	A
카페	NNG	X	P	A
패밀리	NNP	X	P	A
타운	NNG	X	X	A
점	NNB	X	X	A
I	SL	X	X	O
'	SS	X	X	O
m	SL	X	X	O
at	SL	X	X	O
서현역	NNP	P	X	A
(	SS	X	X	O
Seohyeon	SL	X	X	O
Stn	SL	X	X	O
.	SF	X	X	O
)	SS	X	X	O
-	SS	X	X	O
@	SW	X	X	O
korail	SL	X	X	O
1899	SN	X	X	O
in	SL	X	X	O
성남시	NNP	X	X	O
,	SP	X	X	O
경기도	NNP	X	X	O
I	SL	X	X	O
'	SS	X	X	O
m	SL	X	X	O
at	SL	X	X	O
씨티은행	NNP	P	X	A
/	SP	P	X	O
citibank	SL	P	X	O
in	SL	X	X	O
서울특별시	NNP	X	X	O
Mt	SL	X	X	O
.	SF	X	X	O
Seorak	SL	X	X	O
?	SF	X	X	O
?	SF	X	X	O
?	SF	X	X	O
?	SF	X	X	O
#	SW	X	X	O
jasmintravels	SL	X	X	O
@	SW	X	X	O
설악산국립공원	NNP	X	X	A
?	SF	X	X	O
?	SF	X	X	O
?	SF	X	X	O
?	SF	X	X	O
?	SF	X	X	O
?	SF	X	X	O
?	SF	X	X	O
?	SF	X	X	O
?	SF	X	X	O
?	SF	X	X	O
?	SF	X	X	O
?	SF	X	X	O
?	SF	X	X	O
?	SF	X	X	O
?	SF	X	X	O
?	SF	X	X	O
?	SF	X	X	O
?	SF	X	X	O
?	SF	X	X	O
?	SF	X	X	O
ㅠㅠ	NA	X	X	O
#	SW	X	X	O
Remember	SL	X	X	O
416	SN	X	X	O
#	SW	X	X	O
NLPlostinKorea	SL	X	X	O
@	SW	X	X	O
Gwanghwamun	SL	X	X	O
Square	SL	X	X	O
-	SS	X	X	O
광화문광장	NNP	X	P	A
有種	SH	X	X	O
?	SF	X	X	O
特別的感覺	SH	X	X	O
~	SO	X	X	O
@	SW	X	X	O
한국민속촌	NNP	X	P	A
I	SL	X	X	O
'	SS	X	X	O
m	SL	X	X	O
at	SL	X	X	O
성모	NNG	P	P	A
다인	NNP	P	P	A
병원	NNG	P	X	A
in	SL	X	X	O
Suwon	SL	X	X	O
-	SS	X	X	O
si	SL	X	X	O
LG전자	NNP	X	P	A
불광	NNP	X	X	A
본점	NNG	X	X	A
오픈	NNG	X	X	O
기념식	NNG	X	X	O
I	SL	X	X	O
'	SS	X	X	O
m	SL	X	X	O
at	SL	X	X	O
인천국제공항	NNP	P	P	A
(	SS	X	X	O
Incheon	SL	X	X	O
International	SL	X	X	O
Airport	SL	X	X	O
-	SS	X	X	O
ICN	SL	X	X	O
)	SS	X	X	O
in	SL	X	X	O
인천광역시	NNP	X	X	O
I	SL	X	X	O
'	SS	X	X	O
m	SL	X	X	O
at	SL	X	X	O
@	SW	P	X	O
Ediya	SL	P	X	O
_	SW	P	X	O
Coffee	SL	P	X	O
/	SP	P	X	O
이디야	NNP	P	P	A
커피	NNG	P	P	A
in	SL	X	X	O
경산시	NNP	X	P	O
,	SP	X	X	O
경상북도	NNP	X	X	O
대구	NNP	X	X	O
,	SP	X	X	O
국	NNG	X	P	A
일생	NNG	X	P	A
갈비	NNG	X	P	A
avec	SL	X	X	O
@	SW	X	X	O
Numinose	SL	X	X	O
_	SW	X	X	O
aaa	SL	X	X	O
Searching	SL	X	X	O
for	SL	X	X	O
hrc	SL	X	X	O
(	SS	X	X	O
@	SW	X	X	O
롯데월드몰	NNP	P	P	A
(	SS	X	X	O
LOTTE	SL	X	X	O
WORLD	SL	X	X	O
MALL	SL	X	X	O
)	SS	X	X	O
in	SL	X	X	O
Seoul	SL	X	X	O
)	SS	X	X	O
I	SL	X	X	O
'	SS	X	X	O
m	SL	X	X	O
at	SL	X	X	O
코스트코	NNP	P	P	A
(	SS	X	X	O
COSTCO	SL	X	X	O
WHOLESALE	SL	X	X	O
)	SS	X	X	O
-	SS	X	X	O
@	SW	X	X	O
costco	SL	X	X	O
in	SL	X	X	O
서울특별시	NNP	X	X	O
?	SF	X	X	O
@	SW	X	X	O
Nami	SL	X	X	O
Island	SL	X	X	O
(	SS	X	X	O
남이섬	NNP	X	P	A
)	SS	X	X	O
I	SL	X	X	O
'	SS	X	X	O
m	SL	X	X	O
at	SL	X	X	O
홍	NNP	P	X	A
컵	NNG	P	X	A
Hong	SL	P	X	O
cup	SL	P	X	O
in	SL	X	X	O
서울	NNP	X	X	O
I	SL	X	X	O
'	SS	X	X	O
m	SL	X	X	O
at	SL	X	X	O
남산케이블카	NNP	P	X	A
(	SS	X	X	O
Namsan	SL	X	X	O
Cable	SL	X	X	O
Car	SL	X	X	O
)	SS	X	X	O
in	SL	X	X	O
서울특별시	NNP	X	X	O
I	SL	X	X	O
'	SS	X	X	O
m	SL	X	X	O
at	SL	X	X	O
종합운동장역	NNP	P	X	A
(	SS	X	X	O
Sports	SL	X	X	O
Complex	SL	X	X	O
Stn	SL	X	X	O
.	SF	X	X	O
)	SS	X	X	O
-	SS	X	X	O
@	SW	X	X	O
busanhumetro	SL	X	X	O
in	SL	X	X	O
부산광역시	NNP	X	P	O
#	SW	X	X	O
롯데리아	NNP	X	P	O
#	SW	X	X	O
롯데리아	NNP	X	P	A
동호	NNP	X	X	A
점	NNB	X	X	A
#	SW	X	X	O
강정	NNG	X	X	O
버거	NNP	X	X	O
진짜	MAG	X	X	O
싱싱	MAG	X	X	O
맛나	NNP	X	X	O
@	SW	X	X	O
우리집	NNP	X	P	O
거실	NNG	X	X	O
마무	NNP	X	X	O
으	NNG	X	X	O
리	NNB	X	X	O
@	SW	X	X	O
우성	NNP	X	P	A
닭갈비	NNP	X	P	A
I	SL	X	X	O
'	SS	X	X	O
m	SL	X	X	O
at	SL	X	X	O
홍대	NNP	P	P	A
놀이터	NNG	P	P	A
공원	NNG	P	P	A
(	SS	X	X	O
Hongdae	SL	X	X	O
Playground	SL	X	X	O
)	SS	X	X	O
in	SL	X	X	O
서울특별시	NNP	X	X	O
?	SF	X	X	O
?	SF	X	X	O
?	SF	X	X	O
?	SF	X	X	O
?	SF	X	X	O
?	SF	X	X	O
?	SF	X	X	O
?	SF	X	X	O
?	SF	X	X	O
?	SF	X	X	O
?	SF	X	X	O
?	SF	X	X	O
...	SE	X	X	O
.	SF	X	X	O
@	SW	X	X	O
Cafe	SL	X	X	O
J	SL	X	X	O
Holic	SL	X	X	O
카페	NNG	X	P	A
제	XSN	X	P	A
이	VCP	X	P	A
홀	NNG	X	X	A
릭	NNP	X	X	A
I	SL	X	X	O
'	SS	X	X	O
m	SL	X	X	O
at	SL	X	X	O
해룡고등학교	NNP	X	P	A
굿모닝	NNP	X	P	O
@	SW	X	X	O
양재역	NNP	P	X	A
에서	JKB	X	X	O
버스	NNG	X	X	O
기다리	VV	X	X	O
어	EC	X	X	O
3	SN	X	X	O
층	XSN	X	X	O
은	JX	X	X	O
좋	VA	X	X	O
은데	EC	X	X	O
,	SP	X	X	O
1	SN	X	X	O
층	XSN	X	X	O
은	JX	X	X	O
싫	VA	X	X	O
은	ETM	X	X	O
고슈_ㅠ	NA	X	X	O
(	SS	X	X	O
@	SW	X	X	O
인천국제공항	NNP	P	P	A
(	SS	X	X	O
Incheon	SL	X	X	O
International	SL	X	X	O
Airport	SL	X	X	O
-	SS	X	X	O
ICN	SL	X	X	O
)	SS	X	X	O
in	SL	X	X	O
인천광역시	NNP	X	X	O
)	SS	X	X	O
I	SL	X	X	O
'	SS	X	X	O
m	SL	X	X	O
at	SL	X	X	O
한국외국어대학교	NNP	P	X	A
(	SS	X	X	O
Hankuk	SL	X	X	O
University	SL	X	X	O
of	SL	X	X	O
Foreign	SL	X	X	O
Studies	SL	X	X	O
)	SS	X	X	O
in	SL	X	X	O
서울특별시	NNP	X	X	O
Early	SL	X	X	O
morning	SL	X	X	O
with	SL	X	X	O
nice	SL	X	X	O
weather	SL	X	X	O
?	SF	X	X	O
?	SF	X	X	O
#	SW	X	X	O
krkatanhantrip	SL	X	X	O
@	SW	X	X	O
Kbs	SL	X	X	A
신관	NNG	X	X	A
공개	NNG	X	X	A
홀	NNG	X	X	A
일	NNG	X	X	O
하	XSV	X	X	O
자	EC	X	X	O
~	SO	X	X	O
(	SS	X	X	O
@	SW	X	X	O
한국방송공사	NNP	P	X	A
(	SS	X	X	A
KBS	SL	X	X	A
)	SS	X	X	A
in	SL	X	X	O
서울특별시	NNP	X	X	O
)	SS	X	X	O
호	NNG	X	X	O
잇	NNG	X	X	O
(	SS	X	X	O
@	SW	X	X	O
제일기획	NNP	P	X	A
(	SS	X	X	O
Cheil	SL	X	X	O
Worldwide	SL	X	X	O
)	SS	X	X	O
in	SL	X	X	O
서울특별시	NNP	X	X	O
,	SP	X	X	O
대한민국	NNP	X	X	O
)	SS	X	X	O
들꽃	NNG	X	X	O
심기	NNG	X	X	O
가	JKS	X	X	O
내일	NNG	X	X	O
4월18일	NNP	X	X	O
(	SS	X	X	O
토	NNG	X	X	O
)	SS	X	X	O
10	SN	X	X	O
:	SP	X	X	O
00	SN	X	X	O
시	NNB	X	X	O
에	JKB	X	X	O
열리	VV	X	X	O
게	EC	X	X	O
되	VV	X	X	O
ㅂ니다	EF	X	X	O
.	SF	X	X	O
참가	NNG	X	X	O
하	XSV	X	X	O
시	EP	X	X	O
는	ETM	X	X	O
분	NNB	X	X	O
은	JX	X	X	O
창덕궁	NNP	X	P	A
은	JX	X	X	O
물론	MAG	X	X	O
후원	NNG	X	X	O
까지	JX	X	X	O
무료	NNG	X	X	O
이	VCP	X	X	O
랍니다	EF	X	X	O
.	SF	X	X	O
들꽃	NNG	X	X	O
도	JX	X	X	O
심	VV	X	X	O
으시	EP	X	X	O
고	EC	X	X	O
갈	VV	X	X	O
때	NNG	X	X	O
는	JX	X	X	O
화분	NNG	X	X	O
도	JX	X	X	O
받	VV	X	X	O
아	EC	X	X	O
가	VX	X	X	O
시	EP	X	X	O
어요	EC	X	X	O
~	SO	X	X	O
전화	NNG	X	X	O
02	SN	X	X	O
)	SS	X	X	O
762	SN	X	X	O
-	SW	X	X	O
9513	SN	X	X	O
으로	JKB	X	X	O
신청	NNG	X	X	O
가능	XR	X	X	O
하	XSA	X	X	O
ㅂ니다	EF	X	X	O
.	SF	X	X	O
^	SW	X	X	O
^	SW	X	X	O
간만	NNG	X	X	O
에	JKB	X	X	O
복귀	NNG	X	X	O
@	SW	X	X	O
Ak	SL	X	X	A
몰	NNG	X	X	A
서현	NNP	X	P	A
빌딩	NNG	X	P	A
I	SL	X	X	O
'	SS	X	X	O
m	SL	X	X	O
at	SL	X	X	O
충남대학교	NNP	X	P	A
인문	NNG	X	X	A
대학	NNG	X	X	A
#	SW	X	X	O
Filter	SL	X	X	O
017	SN	X	X	O
#	SW	X	X	O
popcorn	SL	X	X	O
#	SW	X	X	O
2015	SN	X	X	O
ATC	SL	X	X	O
#	SW	X	X	O
designertoy	SL	X	X	O
@	SW	X	X	O
동대문디자인플라자	NNP	X	X	A
(	SS	X	X	O
Dongdaemun	SL	X	X	O
Design	SL	X	X	O
Plaza	SL	X	X	O
,	SP	X	X	O
DDP	SL	X	X	O
)	SS	X	X	O
#	SW	X	X	O
CLC	SL	X	X	O
@	SW	X	X	O
Kbs	SL	X	X	A
신관	NNG	X	X	A
공개	NNG	X	X	A
홀	NNG	X	X	A
사고	NNG	X	X	O
수습	NNG	X	X	O
도	JX	X	X	O
너무	MAG	X	X	O
무	XPN	X	X	O
책임	NNG	X	X	O
하	XSV	X	X	O
았	EP	X	X	O
다	EF	X	X	O
.	SF	X	X	O
대통령	NNG	X	X	O
이란	JX	X	X	O
여자	NNG	X	X	O
의	JKG	X	X	O
행태	NNG	X	X	O
는	JX	X	X	O
이해	NNG	X	X	O
불가	NNG	X	X	O
.	SF	X	X	O
아무리	MAG	X	X	O
멍청	XR	X	X	O
하	XSA	X	X	O
아도	EC	X	X	O
나	VV	X	P	O
라면	EC	X	P	O
단원고	NNP	X	X	A
에	JKB	X	X	O
찾아가	VV	X	X	O
아	EC	X	X	O
학생	NNG	X	X	O
들	XSN	X	X	O
안	VV	X	X	O
아	EC	X	X	O
주	VX	X	X	O
는	ETM	X	X	O
쇼	NNG	X	X	O
이	VCP	X	X	O
라도	EC	X	X	O
하	VV	X	X	O
았	EP	X	X	O
을	ETM	X	X	O
거	NNB	X	X	O
다	EF	X	X	O
.	SF	X	X	O
정상	NNG	X	X	O
적	XSN	X	X	O
인	VCP	X	X	O
멘탈	NNP	X	X	O
이	JKS	X	X	O
아닌	VCN	X	X	O
거	NNB	X	X	O
다	EF	X	X	O
.	SF	X	X	O
웹	NNG	X	X	O
디	NNG	X	X	O
하나	NR	X	X	O
구로디지털단지	NNP	X	X	A
넣	VV	X	X	O
었	EP	X	X	O
다	EF	X	X	O
.	SF	X	X	O
......	SE	X	X	O
......	SE	X	X	O
......	SE	X	X	O
천사	NNG	X	X	O
로	JKB	X	X	O
구	NNG	P	X	O
)	SS	P	X	O
시청	NNG	P	X	A
에서	JKB	X	X	O
봉	NNG	X	X	O
학	NNG	X	X	O
4	SN	X	X	O
거리	NNG	X	X	O
구간	NNG	X	X	O
소통	NNG	X	X	O
원활	NNG	X	X	O
.	SF	X	X	O
#	SW	X	X	O
poltra	SL	X	X	O
With	SL	X	X	O
Direk	SL	X	X	O
Bobot	SL	X	X	O
Mortiz	SL	X	X	O
!	SF	X	X	O
?	SF	X	X	O
?	SF	X	X	O
?	SF	X	X	O
@	SW	X	X	O
창덕궁	NNP	X	P	A
昌德宮	SH	X	X	O
Changdeokgung	SL	X	X	O
Palace	SL	X	X	O
?	SF	X	X	O
?	SF	X	X	O
?	SF	X	X	O
(	SS	X	X	O
at	SL	X	X	O
설악산국립공원	NNP	X	X	A
(	SS	X	X	O
Seoraksan	SL	X	X	O
National	SL	X	X	O
Park	SL	X	X	O
)	SS	X	X	O
)	SS	X	X	O
?	SF	X	X	O
#	SW	X	X	O
홍대	NNP	X	X	O
行	SH	X	X	O
く	SL	X	X	O
前	SH	X	X	O
に	SL	X	X	O
#	SW	X	X	O
아침밥	NNG	X	X	O
?	SF	X	X	O
?	SF	X	X	O
@	SW	X	X	O
대한	VV	X	P	A
극장	NNG	X	P	A
Check	SL	X	X	O
in	SL	X	X	O
.	SF	X	X	O
.	SF	X	X	O
mehmehmeh	SL	X	X	O
@	SW	X	X	O
YG엔터테인먼트	NNP	X	X	A
의령소방서	NNP	X	X	A
는	JX	X	X	O
16	SN	X	X	O
일	NNB	X	X	O
오후	NNG	X	X	O
비상	NNG	X	X	O
소집	NNG	X	X	O
하	XSV	X	X	O
아	EC	X	X	O
긴급	NNG	X	X	O
구조	NNG	X	X	O
통제	NNG	X	X	O
단	NNG	X	X	O
도상	NNG	X	X	O
훈련	NNG	X	X	O
을	JKO	X	X	O
실시	NNG	X	X	O
하	XSV	X	X	O
았	EP	X	X	O
습니다	EF	X	X	O
.	SF	X	X	O
항상	MAG	X	X	O
군민	NNG	X	X	O
의	JKG	X	X	O
안전	NNG	X	X	O
을	JKO	X	X	O
최	XPN	X	X	O
우선	NNG	X	X	O
으로	JKB	X	X	O
생각	NNG	X	X	O
하	XSV	X	X	O
는	ETM	X	X	O
의령소방서	NNP	X	X	A
가	JKS	X	X	O
되	VV	X	X	O
겠	EP	X	X	O
습니다	EF	X	X	O
.	SF	X	X	O
#	SW	X	X	O
buddiesisback	SL	X	X	O
lol	SL	X	X	O
@	SW	X	X	O
스타벅스	NNP	X	P	A
본사	NNG	X	X	A
I	SL	X	X	O
'	SS	X	X	O
m	SL	X	X	O
at	SL	X	X	O
성	NNG	P	X	A
북구청	NNG	P	X	A
in	SL	X	X	O
서울시	NNP	X	X	O
,	SP	X	X	O
서울특별시	NNP	X	X	O
@	SW	X	X	O
gluebyte	SL	X	X	O
윤중로	NNP	X	X	A
의	JKG	X	X	O
벚	NNG	X	X	O
꽂이	NNG	X	X	O
완전	NNG	X	X	O
지	VX	X	X	O
어	EC	X	X	O
버리	VX	X	X	O
어서	EC	X	X	O
아쉬움	NNG	X	X	O
이	JKS	X	X	O
......	SE	X	X	O
.	SF	X	X	O
.	SF	X	X	O
영업정지	NNP	X	X	O
(	SS	X	X	O
파산	NNG	X	X	O
신청	NNG	X	X	O
)	SS	X	X	O
처분	NNG	X	X	O
된	XSV	X	X	O
상호저축은행	NNP	X	X	A
에	JKB	X	X	O
5	SN	X	X	O
천	NR	X	X	O
만원	NNG	X	X	O
이상	NNG	X	X	O
예금	NNG	X	X	O
하	XSV	X	X	O
신	EP	X	X	O
예금주	NNG	X	X	O
중	NNB	X	X	O
"	SS	P	X	O
계약	NNG	P	X	O
이전	NNG	P	X	O
"	SS	P	X	O
에서	JKB	X	X	O
제외	NNG	X	X	O
된	XSV	X	X	O
분	NNB	X	X	O
들	XSN	X	X	O
께서	JKS	X	X	O
는	JX	X	X	O
"	SS	X	X	O
예금자	NNG	X	X	O
보호	NNG	X	X	O
법	NNG	X	X	O
"	SS	X	X	O
을	ETM	X	X	O
검색	NNG	X	X	O
하	XSV	X	X	O
아	EC	X	X	O
내용	NNG	X	X	O
을	JKO	X	X	O
확인	NNG	X	X	O
하	XSV	X	X	O
길	ETN	X	X	O
권하	VV	X	X	O
아	EC	X	X	O
드리	VX	X	X	O
ㅂ니다	EC	X	X	O
,	SP	X	X	O
.	SF	X	X	O
/	SP	X	X	O
,	SP	X	X	O
"	SS	X	X	O
용인	NNP	X	X	A
천주교	NNG	X	X	A
공원묘지	NNG	X	X	A
"	SS	X	X	O
를	JKO	X	X	O
비롯	XR	X	X	O
한	XSA	X	X	O
국내	NNG	X	X	O
모든	MM	X	X	O
천주교	NNG	X	X	O
묘지	NNG	X	X	O
에	JKB	X	X	O
1986	SN	X	X	O
년	NNB	X	X	O
부터	JX	X	X	O
"	SS	X	X	O
사용료	NNG	X	X	O
및	MAJ	X	X	O
관리비	NNG	X	X	O
"	SS	X	X	O
를	JKO	X	X	O
납부	NNG	X	X	O
하	XSV	X	X	O
신	EP	X	X	O
분	NNB	X	X	O
들	XSN	X	X	O
과	JC	X	X	O
"	SS	X	X	O
영구	NNG	X	X	O
관리	NNG	X	X	O
예치금	NNG	X	X	O
"	SS	X	X	O
을	ETM	X	X	O
납부	NNG	X	X	O
하	XSV	X	X	O
신	EP	X	X	O
분	NNB	X	X	O
들	XSN	X	X	O
을	JKO	X	X	O
찾	VV	X	X	O
습니다	EF	X	X	O
.	SF	X	X	O
RT	SL	X	X	O
해	NNG	X	X	O
주	VX	X	X	O
시	EP	X	X	O
어요	EC	X	X	O
^	SW	X	X	O
^	SW	X	X	O
,	SP	X	X	O
.	SF	X	X	O
/	SP	X	X	O
,	SP	X	X	O
의령소방서	NNP	X	X	A
는	JX	X	X	O
119	SN	X	X	O
소년단	NNG	X	X	O
을	JKO	X	X	O
모집	NNG	X	X	O
하	XSV	X	X	O
고	EC	X	X	O
있	VX	X	X	O
습니다	EF	X	X	O
.	SF	X	X	O
학생	NNG	X	X	O
들	XSN	X	X	O
의	JKG	X	X	O
안전	NNG	X	X	O
에	JKB	X	X	O
관심	NNG	X	X	O
이	JKS	X	X	O
있	VX	X	X	O
으신	EP	X	X	O
학교	NNG	X	X	O
는	JX	X	X	O
적극	NNG	X	X	O
참여	NNG	X	X	O
하	XSV	X	X	O
아	EC	X	X	O
주	VX	X	X	O
시	EP	X	X	O
기	ETN	X	X	O
바라	VV	X	X	O
ㅂ니다	EF	X	X	O
.	SF	X	X	O
<	SS	X	X	O
어벤져스:에이지오브울트론	NNP	X	X	O
>	SS	X	X	O
레드카펫	NNP	X	P	O
&	SW	X	X	O
팬	NNG	X	X	O
이벤트	NNG	X	X	O
(	SS	X	X	O
@	SW	X	X	O
SETEC	SL	X	X	A
(	SS	X	X	A
Seoul	SL	X	X	A
Trade	SL	X	X	A
Exhibition	SL	X	X	A
Center	SL	X	X	A
)	SS	X	X	A
in	SL	X	X	O
서울특별시	NNP	X	X	O
)	SS	X	X	O
I	SL	X	X	O
'	SS	X	X	O
m	SL	X	X	O
at	SL	X	X	O
점촌역	NNP	P	X	A
/	SP	P	X	O
Jeomchon	SL	P	X	O
Stn	SL	P	X	O
.	SF	P	X	O
-	SS	P	X	O
@	SW	P	X	O
korail	SL	P	X	O
1899	SN	P	X	O
in	SL	X	X	O
문경시	NNP	X	X	O
,	SP	X	X	O
경상북도	NNP	X	X	O
자료	NNG	X	X	O
구입	NNG	X	X	O
신청	NNG	X	X	O
하	XSV	X	X	O
는	ETM	X	X	O
거	NNB	X	X	O
뒤늦	VA	X	X	O
게	EC	X	X	O
재미	NNG	X	X	O
들리	VV	X	X	O
었	EP	X	X	O
다	EC	X	X	O
날	NNG	X	X	O
위하	VV	X	X	O
아	EC	X	X	O
대	XPN	X	X	O
기타	NNG	X	X	O
이	VCP	X	X	O
고	EC	X	X	O
있	VV	X	X	O
는	ETM	X	X	O
빳빳	XR	X	X	O
한	XSA	X	X	O
새	MM	X	X	O
책	NNG	X	X	O
받	VV	X	X	O
아	EC	X	X	O
들	VX	X	X	O
는	ETM	X	X	O
재미	NNG	X	X	O
#	SW	X	X	O
태도	NNG	X	X	O
에	JKB	X	X	O
관하	VV	X	X	O
아	EC	X	X	O
#	SW	X	X	O
임	NNP	X	X	O
경선	NNG	X	X	O
@	SW	X	X	O
연세대학교학술정보원	NNP	X	X	A
I	SL	X	X	O
'	SS	X	X	O
m	SL	X	X	O
at	SL	X	X	O
강동	NNP	P	P	A
경희대학교	NNP	P	P	A
병원	NNG	P	P	A
in	SL	X	X	O
서울특별시	NNP	X	X	O
I	SL	X	X	O
'	SS	X	X	O
m	SL	X	X	O
at	SL	X	X	O
웨스	NNP	P	X	A
틴	NNG	P	X	A
조선	NNP	P	X	A
부산	NNP	P	X	A
(	SS	X	X	O
Westin	SL	X	X	O
Chosun	SL	X	X	O
Busan	SL	X	X	O
)	SS	X	X	O
in	SL	X	X	O
부산광역시	NNP	X	P	O
@	SW	X	X	O
HuffPostKorea	SL	X	X	O
@	SW	X	X	O
coreacom	SL	X	X	O
@	SW	X	X	O
imagolog	SL	X	X	O
